harmonized,harmonized_unit,raw
pad_incident_1,FHS,phs000007.v30.pht000309.v13.phv00036469.v12
pad_incident_1,FHS,phs000007.v30.pht000309.v13.phv00036471.v12
pad_incident_1,FHS,phs000007.v30.pht003099.v5.phv00177930.v5
pad_incident_1,FHS,phs000007.v30.pht003316.v7.phv00190817.v7
pad_incident_1,FHS,phs000007.v30.pht003316.v7.phv00190823.v7
pad_incident_1,WHI,phs000200.v11.pht000998.v6.phv00078436.v6
pad_incident_1,WHI,phs000200.v11.pht000998.v6.phv00078437.v6
pad_incident_1,WHI,phs000200.v11.pht003395.v3.phv00192302.v3
pad_incident_1,WHI,phs000200.v11.pht003406.v3.phv00193101.v3
pad_incident_1,WHI,phs000200.v11.pht003406.v3.phv00193102.v3
pad_incident_1,WHI,phs000200.v11.pht003406.v3.phv00193103.v3
pad_incident_1,WHI,phs000200.v11.pht003406.v3.phv00193104.v3
pad_incident_1,WHI,phs000200.v11.pht003406.v3.phv00193105.v3
pad_incident_1,WHI,phs000200.v11.pht003406.v3.phv00193106.v3
pad_incident_1,WHI,phs000200.v11.pht003406.v3.phv00193107.v3
pad_incident_1,WHI,phs000200.v11.pht003407.v3.phv00193190.v3
pad_incident_1,WHI,phs000200.v11.pht003407.v3.phv00193191.v3
pad_incident_1,WHI,phs000200.v11.pht003407.v3.phv00193504.v3
pad_incident_1,WHI,phs000200.v11.pht003407.v3.phv00193505.v3
angina_incident_1,FHS,phs000007.v30.pht000309.v13.phv00036469.v12
angina_incident_1,FHS,phs000007.v30.pht000309.v13.phv00036471.v12
angina_incident_1,FHS,phs000007.v30.pht003099.v5.phv00177930.v5
angina_incident_1,FHS,phs000007.v30.pht003316.v7.phv00190817.v7
angina_incident_1,FHS,phs000007.v30.pht003316.v7.phv00190823.v7
angina_incident_1,WHI,phs000200.v11.pht000998.v6.phv00078436.v6
angina_incident_1,WHI,phs000200.v11.pht000998.v6.phv00078437.v6
angina_incident_1,WHI,phs000200.v11.pht003395.v3.phv00192302.v3
angina_incident_1,WHI,phs000200.v11.pht003407.v3.phv00193145.v3
angina_incident_1,WHI,phs000200.v11.pht003407.v3.phv00193146.v3
angina_incident_1,WHI,phs000200.v11.pht003407.v3.phv00193504.v3
angina_incident_1,WHI,phs000200.v11.pht003407.v3.phv00193505.v3
mi_incident_1,FHS,phs000007.v30.pht000309.v13.phv00036469.v12
mi_incident_1,FHS,phs000007.v30.pht000309.v13.phv00036471.v12
mi_incident_1,FHS,phs000007.v30.pht003099.v5.phv00177930.v5
mi_incident_1,FHS,phs000007.v30.pht003316.v7.phv00190817.v7
mi_incident_1,FHS,phs000007.v30.pht003316.v7.phv00190823.v7
mi_incident_1,WHI,phs000200.v11.pht000998.v6.phv00078436.v6
mi_incident_1,WHI,phs000200.v11.pht000998.v6.phv00078437.v6
mi_incident_1,WHI,phs000200.v11.pht003395.v3.phv00192302.v3
mi_incident_1,WHI,phs000200.v11.pht003407.v3.phv00193169.v3
mi_incident_1,WHI,phs000200.v11.pht003407.v3.phv00193170.v3
mi_incident_1,WHI,phs000200.v11.pht003407.v3.phv00193504.v3
mi_incident_1,WHI,phs000200.v11.pht003407.v3.phv00193505.v3
cabg_incident_1,FHS,phs000007.v30.pht000389.v10.phv00054697.v8
cabg_incident_1,FHS,phs000007.v30.pht000389.v10.phv00163410.v7
cabg_incident_1,FHS,phs000007.v30.pht003099.v5.phv00177930.v5
cabg_incident_1,FHS,phs000007.v30.pht003316.v7.phv00190817.v7
cabg_incident_1,FHS,phs000007.v30.pht003316.v7.phv00190823.v7
cabg_incident_1,WHI,phs000200.v11.pht000998.v6.phv00078436.v6
cabg_incident_1,WHI,phs000200.v11.pht000998.v6.phv00078437.v6
cabg_incident_1,WHI,phs000200.v11.pht003395.v3.phv00192302.v3
cabg_incident_1,WHI,phs000200.v11.pht003407.v3.phv00193157.v3
cabg_incident_1,WHI,phs000200.v11.pht003407.v3.phv00193158.v3
cabg_incident_1,WHI,phs000200.v11.pht003407.v3.phv00193504.v3
cabg_incident_1,WHI,phs000200.v11.pht003407.v3.phv00193505.v3
chd_death_probable_1,FHS,phs000007.v30.pht000309.v13.phv00036469.v12
chd_death_probable_1,FHS,phs000007.v30.pht000309.v13.phv00036471.v12
chd_death_probable_1,FHS,phs000007.v30.pht003099.v5.phv00177930.v5
chd_death_probable_1,FHS,phs000007.v30.pht003316.v7.phv00190817.v7
chd_death_probable_1,FHS,phs000007.v30.pht003316.v7.phv00190823.v7
chd_death_probable_1,WHI,phs000200.v11.pht000998.v6.phv00078436.v6
chd_death_probable_1,WHI,phs000200.v11.pht000998.v6.phv00078437.v6
chd_death_probable_1,WHI,phs000200.v11.pht003395.v3.phv00192302.v3
chd_death_probable_1,WHI,phs000200.v11.pht003407.v3.phv00193498.v3
chd_death_probable_1,WHI,phs000200.v11.pht003407.v3.phv00193504.v3
chd_death_probable_1,WHI,phs000200.v11.pht003407.v3.phv00193505.v3
chd_death_probable_1,WHI,phs000200.v11.pht003409.v3.phv00193531.v2
chd_death_probable_1,WHI,phs000200.v11.pht003409.v3.phv00193532.v2
chd_death_definite_1,FHS,phs000007.v30.pht000309.v13.phv00036469.v12
chd_death_definite_1,FHS,phs000007.v30.pht000309.v13.phv00036471.v12
chd_death_definite_1,FHS,phs000007.v30.pht003099.v5.phv00177930.v5
chd_death_definite_1,FHS,phs000007.v30.pht003316.v7.phv00190817.v7
chd_death_definite_1,FHS,phs000007.v30.pht003316.v7.phv00190823.v7
chd_death_definite_1,WHI,phs000200.v11.pht000998.v6.phv00078436.v6
chd_death_definite_1,WHI,phs000200.v11.pht000998.v6.phv00078437.v6
chd_death_definite_1,WHI,phs000200.v11.pht003395.v3.phv00192302.v3
chd_death_definite_1,WHI,phs000200.v11.pht003407.v3.phv00193498.v3
chd_death_definite_1,WHI,phs000200.v11.pht003407.v3.phv00193504.v3
chd_death_definite_1,WHI,phs000200.v11.pht003407.v3.phv00193505.v3
chd_death_definite_1,WHI,phs000200.v11.pht003409.v3.phv00193531.v2
chd_death_definite_1,WHI,phs000200.v11.pht003409.v3.phv00193532.v2
cad_followup_start_age_1,FHS,phs000007.v30.pht003099.v5.phv00177930.v5
cad_followup_start_age_1,WHI,phs000200.v11.pht000998.v6.phv00078437.v6
coronary_angioplasty_incident_1,WHI,phs000200.v11.pht000998.v6.phv00078436.v6
coronary_angioplasty_incident_1,WHI,phs000200.v11.pht000998.v6.phv00078437.v6
coronary_angioplasty_incident_1,WHI,phs000200.v11.pht003395.v3.phv00192302.v3
coronary_angioplasty_incident_1,WHI,phs000200.v11.pht003407.v3.phv00193199.v3
coronary_angioplasty_incident_1,WHI,phs000200.v11.pht003407.v3.phv00193200.v3
coronary_angioplasty_incident_1,WHI,phs000200.v11.pht003407.v3.phv00193504.v3
coronary_angioplasty_incident_1,WHI,phs000200.v11.pht003407.v3.phv00193505.v3
angina_prior_1,CHS,phs000287.v6.pht001452.v1.phv00100487.v1
angina_prior_1,CHS,phs000287.v6.pht001452.v1.phv00100504.v1
angina_prior_1,COPDGene,phs000179.v5.pht002239.v4.phv00159608.v4
angina_prior_1,COPDGene,phs000179.v5.pht002239.v4.phv00159836.v4
angina_prior_1,FHS,phs000007.v30.pht000309.v13.phv00036469.v12
angina_prior_1,FHS,phs000007.v30.pht000309.v13.phv00036471.v12
angina_prior_1,FHS,phs000007.v30.pht003099.v5.phv00177930.v5
angina_prior_1,FHS,phs000007.v30.pht003316.v7.phv00190817.v7
angina_prior_1,FHS,phs000007.v30.pht003316.v7.phv00190823.v7
angina_prior_1,MESA,phs000209.v13.pht001116.v10.phv00084442.v3
angina_prior_1,WHI,phs000200.v11.pht000998.v6.phv00078436.v6
angina_prior_1,WHI,phs000200.v11.pht000998.v6.phv00078437.v6
angina_prior_1,WHI,phs000200.v11.pht000999.v6.phv00078507.v6
angina_prior_1,WHI,phs000200.v11.pht000999.v6.phv00078560.v6
coronary_angioplasty_prior_1,ARIC,phs000280.v5.pht004063.v2.phv00204712.v1
coronary_angioplasty_prior_1,ARIC,phs000280.v5.pht004143.v2.phv00208845.v1
coronary_angioplasty_prior_1,ARIC,phs000280.v5.pht004143.v2.phv00208853.v1
coronary_angioplasty_prior_1,ARIC,phs000280.v5.pht004143.v2.phv00208854.v1
coronary_angioplasty_prior_1,CHS,phs000287.v6.pht001452.v1.phv00100322.v1
coronary_angioplasty_prior_1,CHS,phs000287.v6.pht001452.v1.phv00100487.v1
coronary_angioplasty_prior_1,COPDGene,phs000179.v5.pht002239.v4.phv00159632.v4
coronary_angioplasty_prior_1,COPDGene,phs000179.v5.pht002239.v4.phv00159836.v4
coronary_angioplasty_prior_1,JHS,phs000286.v5.pht001949.v1.phv00126009.v1
coronary_angioplasty_prior_1,JHS,phs000286.v5.pht001963.v1.phv00127727.v1
coronary_angioplasty_prior_1,JHS,phs000286.v5.pht001963.v1.phv00127731.v1
coronary_angioplasty_prior_1,JHS,phs000286.v5.pht001963.v1.phv00127733.v1
coronary_angioplasty_prior_1,JHS,phs000286.v5.pht001963.v1.phv00127737.v1
coronary_angioplasty_prior_1,JHS,phs000286.v5.pht001963.v1.phv00127740.v1
coronary_angioplasty_prior_1,MESA,phs000209.v13.pht001116.v10.phv00084442.v3
coronary_angioplasty_prior_1,WHI,phs000200.v11.pht000998.v6.phv00078436.v6
coronary_angioplasty_prior_1,WHI,phs000200.v11.pht000998.v6.phv00078437.v6
coronary_angioplasty_prior_1,WHI,phs000200.v11.pht000999.v6.phv00078507.v6
coronary_angioplasty_prior_1,WHI,phs000200.v11.pht000999.v6.phv00078536.v6
cabg_prior_1,ARIC,phs000280.v5.pht004063.v2.phv00204712.v1
cabg_prior_1,ARIC,phs000280.v5.pht004143.v2.phv00208845.v1
cabg_prior_1,ARIC,phs000280.v5.pht004143.v2.phv00208846.v1
cabg_prior_1,ARIC,phs000280.v5.pht004143.v2.phv00208853.v1
cabg_prior_1,CHS,phs000287.v6.pht001452.v1.phv00100487.v1
cabg_prior_1,CHS,phs000287.v6.pht001464.v1.phv00100785.v1
cabg_prior_1,COPDGene,phs000179.v5.pht002239.v4.phv00159631.v4
cabg_prior_1,COPDGene,phs000179.v5.pht002239.v4.phv00159836.v4
cabg_prior_1,FHS,phs000007.v30.pht000389.v10.phv00054697.v8
cabg_prior_1,FHS,phs000007.v30.pht000389.v10.phv00163410.v7
cabg_prior_1,FHS,phs000007.v30.pht003099.v5.phv00177930.v5
cabg_prior_1,FHS,phs000007.v30.pht003316.v7.phv00190817.v7
cabg_prior_1,FHS,phs000007.v30.pht003316.v7.phv00190823.v7
cabg_prior_1,JHS,phs000286.v5.pht001949.v1.phv00126009.v1
cabg_prior_1,JHS,phs000286.v5.pht001963.v1.phv00127727.v1
cabg_prior_1,JHS,phs000286.v5.pht001963.v1.phv00127728.v1
cabg_prior_1,JHS,phs000286.v5.pht001963.v1.phv00127731.v1
cabg_prior_1,JHS,phs000286.v5.pht001963.v1.phv00127733.v1
cabg_prior_1,JHS,phs000286.v5.pht001963.v1.phv00127740.v1
cabg_prior_1,MESA,phs000209.v13.pht001116.v10.phv00084442.v3
cabg_prior_1,WHI,phs000200.v11.pht000998.v6.phv00078436.v6
cabg_prior_1,WHI,phs000200.v11.pht000998.v6.phv00078437.v6
cabg_prior_1,WHI,phs000200.v11.pht000999.v6.phv00078507.v6
cabg_prior_1,WHI,phs000200.v11.pht000999.v6.phv00078535.v6
pad_prior_1,ARIC,phs000280.v5.pht004063.v2.phv00204712.v1
pad_prior_1,ARIC,phs000280.v5.pht004063.v2.phv00204795.v1
pad_prior_1,CHS,phs000287.v6.pht001452.v1.phv00100330.v1
pad_prior_1,CHS,phs000287.v6.pht001452.v1.phv00100333.v1
pad_prior_1,CHS,phs000287.v6.pht001452.v1.phv00100487.v1
pad_prior_1,CHS,phs000287.v6.pht001452.v1.phv00100507.v1
pad_prior_1,COPDGene,phs000179.v5.pht002239.v4.phv00159618.v4
pad_prior_1,COPDGene,phs000179.v5.pht002239.v4.phv00159836.v4
pad_prior_1,FHS,phs000007.v30.pht000309.v13.phv00036469.v12
pad_prior_1,FHS,phs000007.v30.pht000309.v13.phv00036471.v12
pad_prior_1,FHS,phs000007.v30.pht003099.v5.phv00177930.v5
pad_prior_1,FHS,phs000007.v30.pht003316.v7.phv00190817.v7
pad_prior_1,FHS,phs000007.v30.pht003316.v7.phv00190823.v7
pad_prior_1,JHS,phs000286.v5.pht001921.v1.phv00124562.v1
pad_prior_1,JHS,phs000286.v5.pht001921.v1.phv00124563.v1
pad_prior_1,JHS,phs000286.v5.pht001921.v1.phv00124564.v1
pad_prior_1,JHS,phs000286.v5.pht001921.v1.phv00124565.v1
pad_prior_1,JHS,phs000286.v5.pht001921.v1.phv00124566.v1
pad_prior_1,JHS,phs000286.v5.pht001921.v1.phv00124567.v1
pad_prior_1,JHS,phs000286.v5.pht001949.v1.phv00126009.v1
pad_prior_1,MESA,phs000209.v13.pht001116.v10.phv00084442.v3
pad_prior_1,WHI,phs000200.v11.pht000998.v6.phv00078436.v6
pad_prior_1,WHI,phs000200.v11.pht000998.v6.phv00078437.v6
pad_prior_1,WHI,phs000200.v11.pht000999.v6.phv00078507.v6
pad_prior_1,WHI,phs000200.v11.pht000999.v6.phv00078562.v6
mi_prior_1,ARIC,phs000280.v5.pht004063.v2.phv00204705.v1
mi_prior_1,ARIC,phs000280.v5.pht004063.v2.phv00204712.v1
mi_prior_1,CHS,phs000287.v6.pht001452.v1.phv00100487.v1
mi_prior_1,CHS,phs000287.v6.pht001452.v1.phv00100508.v1
mi_prior_1,COPDGene,phs000179.v5.pht002239.v4.phv00159615.v4
mi_prior_1,COPDGene,phs000179.v5.pht002239.v4.phv00159836.v4
mi_prior_1,FHS,phs000007.v30.pht000309.v13.phv00036469.v12
mi_prior_1,FHS,phs000007.v30.pht000309.v13.phv00036471.v12
mi_prior_1,FHS,phs000007.v30.pht003099.v5.phv00177930.v5
mi_prior_1,FHS,phs000007.v30.pht003316.v7.phv00190817.v7
mi_prior_1,FHS,phs000007.v30.pht003316.v7.phv00190823.v7
mi_prior_1,JHS,phs000286.v5.pht001949.v1.phv00126009.v1
mi_prior_1,JHS,phs000286.v5.pht001949.v1.phv00126088.v1
mi_prior_1,MESA,phs000209.v13.pht001116.v10.phv00084442.v3
mi_prior_1,WHI,phs000200.v11.pht000998.v6.phv00078436.v6
mi_prior_1,WHI,phs000200.v11.pht000998.v6.phv00078437.v6
mi_prior_1,WHI,phs000200.v11.pht000998.v6.phv00078482.v6
annotated_sex_1,ARIC,phs000280.v5.pht004063.v2.phv00204711.v1
annotated_sex_1,CARDIA,phs000285.v3.pht001645.v2.phv00115114.v2
annotated_sex_1,CHS,phs000287.v6.pht001452.v1.phv00100302.v1
annotated_sex_1,COPDGene,phs000179.v5.pht002239.v4.phv00159571.v4
annotated_sex_1,FHS,phs000007.v30.pht003099.v5.phv00177929.v5
annotated_sex_1,HCHS_SOL,phs000810.v1.pht004715.v1.phv00226279.v1
annotated_sex_1,JHS,phs000286.v5.pht001949.v1.phv00126012.v1
annotated_sex_1,WHI,phs000200.v11.pht000982.v8.phv00077315.v8
hispanic_or_latino_1,COPDGene,phs000179.v5.pht002239.v4.phv00159573.v4
hispanic_or_latino_1,HCHS_SOL,phs000810.v1.pht004713.v1.phv00226241.v1
hispanic_or_latino_1,WHI,phs000200.v11.pht000998.v6.phv00078450.v6
race_us_1,ARIC,phs000280.v5.pht004062.v2.phv00204633.v1
race_us_1,ARIC,phs000280.v5.pht004063.v2.phv00204710.v1
race_us_1,ARIC,phs000280.v5.pht004065.v2.phv00204962.v1
race_us_1,CARDIA,phs000285.v3.pht001645.v2.phv00115113.v2
race_us_1,COPDGene,phs000179.v5.pht002239.v4.phv00159572.v4
race_us_1,HCHS_SOL,phs000810.v1.pht004713.v1.phv00226241.v1
race_us_1,JHS,phs000286.v5.pht001920.v4.phv00124546.v3
race_us_1,WHI,phs000200.v11.pht000998.v6.phv00078450.v6
race_us_1,WHI,phs000200.v11.pht001009.v6.phv00079317.v6
race_us_1,WHI,phs000200.v11.pht001009.v6.phv00079318.v6
race_us_1,WHI,phs000200.v11.pht001009.v6.phv00079319.v6
race_us_1,WHI,phs000200.v11.pht001009.v6.phv00079320.v6
race_us_1,WHI,phs000200.v11.pht001009.v6.phv00079321.v6
race_us_1,WHI,phs000200.v11.pht001009.v6.phv00079322.v6
race_us_1,WHI,phs000200.v11.pht001009.v6.phv00079323.v6
race_us_1,WHI,phs000200.v11.pht001009.v6.phv00079324.v6
race_us_1,WHI,phs000200.v11.pht001009.v6.phv00079325.v6
race_us_1,WHI,phs000200.v11.pht001009.v6.phv00079326.v6
race_us_1,WHI,phs000200.v11.pht001009.v6.phv00079327.v6
race_us_1,WHI,phs000200.v11.pht001009.v6.phv00079328.v6
race_us_1,WHI,phs000200.v11.pht001009.v6.phv00079329.v6
race_us_1,WHI,phs000200.v11.pht001009.v6.phv00079330.v6
race_us_1,WHI,phs000200.v11.pht001009.v6.phv00079331.v6
subcohort_1,ARIC,phs000280.v5.pht001440.v5.phv00098580.v4
subcohort_1,CARDIA,phs000285.v3.pht001554.v3.phv00112395.v2
subcohort_1,CHS,phs000287.v6.pht001452.v1.phv00100290.v1
subcohort_1,COPDGene,phs000179.v5.pht002237.v3.phv00159560.v3
subcohort_1,FHS,phs000007.v30.pht003099.v5.phv00177928.v5
subcohort_1,HCHS_SOL,phs000810.v1.pht004713.v1.phv00226241.v1
subcohort_1,JHS,phs000286.v5.pht001920.v4.phv00124546.v3
subcohort_1,WHI,phs000200.v11.pht001031.v6.phv00080424.v6
subcohort_1,WHI,phs000200.v11.pht001031.v6.phv00080425.v6
hispanic_subgroup_1,HCHS_SOL,phs000810.v1.pht004715.v1.phv00226254.v1
hispanic_subgroup_1,WHI,phs000200.v11.pht000998.v6.phv00078450.v6
hispanic_subgroup_1,WHI,phs000200.v11.pht001009.v6.phv00079316.v6
geographic_site_1,ARIC,phs000280.v5.pht004063.v2.phv00204813.v1
geographic_site_1,CARDIA,phs000285.v3.pht001700.v2.phv00116398.v2
geographic_site_1,CHS,phs000287.v6.pht001452.v1.phv00100291.v1
geographic_site_1,COPDGene,phs000179.v5.pht002239.v4.phv00159569.v4
geographic_site_1,HCHS_SOL,phs000810.v1.pht004715.v1.phv00226256.v1
geographic_site_1,JHS,phs000286.v5.pht001949.v1.phv00126005.v1
geographic_site_1,WHI,phs000200.v11.pht001031.v6.phv00080435.v6
height_baseline_1,ARIC,phs000280.v5.pht004032.v2.phv00203151.v1
height_baseline_1,ARIC,phs000280.v5.pht004063.v2.phv00204712.v1
height_baseline_1,CARDIA,phs000285.v3.pht001559.v2.phv00112439.v2
height_baseline_1,CARDIA,phs000285.v3.pht001583.v2.phv00113634.v2
height_baseline_1,CHS,phs000287.v6.pht001452.v1.phv00100382.v1
height_baseline_1,CHS,phs000287.v6.pht001452.v1.phv00100487.v1
height_baseline_1,COPDGene,phs000179.v5.pht002239.v4.phv00159592.v4
height_baseline_1,COPDGene,phs000179.v5.pht002239.v4.phv00159836.v4
height_baseline_1,HCHS_SOL,phs000810.v1.pht004715.v1.phv00226251.v1
height_baseline_1,HCHS_SOL,phs000810.v1.pht004715.v1.phv00226281.v1
height_baseline_1,JHS,phs000286.v5.pht001940.v1.phv00125860.v1
height_baseline_1,JHS,phs000286.v5.pht001949.v1.phv00126009.v1
height_baseline_1,MESA,phs000209.v13.pht001111.v4.phv00082639.v2
height_baseline_1,MESA,phs000209.v13.pht001111.v4.phv00082683.v1
height_baseline_1,MESA,phs000209.v13.pht001116.v10.phv00084442.v3
height_baseline_1,MESA,phs000209.v13.pht001116.v10.phv00084482.v2
height_baseline_1,MESA,phs000209.v13.pht001121.v3.phv00087071.v1
height_baseline_1,MESA,phs000209.v13.pht001121.v3.phv00087078.v1
height_baseline_1,WHI,phs000200.v11.pht000998.v6.phv00078436.v6
height_baseline_1,WHI,phs000200.v11.pht000998.v6.phv00078437.v6
height_baseline_1,WHI,phs000200.v11.pht001019.v6.phv00079851.v6
height_baseline_1,WHI,phs000200.v11.pht001019.v6.phv00079852.v6
height_baseline_1,WHI,phs000200.v11.pht001019.v6.phv00079858.v6
current_smoker_baseline_1,ARIC,phs000280.v5.pht004063.v2.phv00204712.v1
current_smoker_baseline_1,ARIC,phs000280.v5.pht004111.v2.phv00207368.v1
current_smoker_baseline_1,ARIC,phs000280.v5.pht004111.v2.phv00207370.v1
current_smoker_baseline_1,ARIC,phs000280.v5.pht004111.v2.phv00207372.v1
current_smoker_baseline_1,CARDIA,phs000285.v3.pht001559.v2.phv00112439.v2
current_smoker_baseline_1,CARDIA,phs000285.v3.pht001572.v2.phv00113168.v2
current_smoker_baseline_1,CARDIA,phs000285.v3.pht001573.v2.phv00113213.v2
current_smoker_baseline_1,CHS,phs000287.v6.pht001450.v1.phv00098844.v1
current_smoker_baseline_1,CHS,phs000287.v6.pht001450.v1.phv00098845.v1
current_smoker_baseline_1,CHS,phs000287.v6.pht001452.v1.phv00100487.v1
current_smoker_baseline_1,CHS,phs000287.v6.pht001490.v1.phv00105143.v1
current_smoker_baseline_1,CHS,phs000287.v6.pht001490.v1.phv00105144.v1
current_smoker_baseline_1,COPDGene,phs000179.v5.pht002239.v4.phv00159636.v4
current_smoker_baseline_1,COPDGene,phs000179.v5.pht002239.v4.phv00159637.v4
current_smoker_baseline_1,COPDGene,phs000179.v5.pht002239.v4.phv00159640.v4
current_smoker_baseline_1,COPDGene,phs000179.v5.pht002239.v4.phv00159749.v4
current_smoker_baseline_1,COPDGene,phs000179.v5.pht002239.v4.phv00159750.v4
current_smoker_baseline_1,COPDGene,phs000179.v5.pht002239.v4.phv00159754.v4
current_smoker_baseline_1,COPDGene,phs000179.v5.pht002239.v4.phv00159755.v4
current_smoker_baseline_1,COPDGene,phs000179.v5.pht002239.v4.phv00159756.v4
current_smoker_baseline_1,COPDGene,phs000179.v5.pht002239.v4.phv00159836.v4
current_smoker_baseline_1,HCHS_SOL,phs000810.v1.pht004715.v1.phv00226251.v1
current_smoker_baseline_1,HCHS_SOL,phs000810.v1.pht004715.v1.phv00258106.v1
current_smoker_baseline_1,HCHS_SOL,phs000810.v1.pht004715.v1.phv00258107.v1
current_smoker_baseline_1,HCHS_SOL,phs000810.v1.pht004715.v1.phv00258108.v1
current_smoker_baseline_1,HCHS_SOL,phs000810.v1.pht004715.v1.phv00258110.v1
current_smoker_baseline_1,JHS,phs000286.v5.pht001949.v1.phv00126009.v1
current_smoker_baseline_1,JHS,phs000286.v5.pht001977.v1.phv00128496.v1
current_smoker_baseline_1,JHS,phs000286.v5.pht001977.v1.phv00128498.v1
current_smoker_baseline_1,MESA,phs000209.v13.pht001111.v4.phv00082639.v2
current_smoker_baseline_1,MESA,phs000209.v13.pht001111.v4.phv00083243.v1
current_smoker_baseline_1,MESA,phs000209.v13.pht001111.v4.phv00083245.v1
current_smoker_baseline_1,MESA,phs000209.v13.pht001116.v10.phv00084442.v3
current_smoker_baseline_1,MESA,phs000209.v13.pht001116.v10.phv00085570.v2
current_smoker_baseline_1,MESA,phs000209.v13.pht001116.v10.phv00085572.v2
current_smoker_baseline_1,MESA,phs000209.v13.pht001121.v3.phv00087071.v1
current_smoker_baseline_1,MESA,phs000209.v13.pht001121.v3.phv00087252.v1
current_smoker_baseline_1,MESA,phs000209.v13.pht001121.v3.phv00087254.v1
current_smoker_baseline_1,WHI,phs000200.v11.pht000998.v6.phv00078436.v6
current_smoker_baseline_1,WHI,phs000200.v11.pht000998.v6.phv00078437.v6
current_smoker_baseline_1,WHI,phs000200.v11.pht001003.v6.phv00078773.v6
current_smoker_baseline_1,WHI,phs000200.v11.pht001003.v6.phv00078774.v6
current_smoker_baseline_1,WHI,phs000200.v11.pht001003.v6.phv00078776.v6
weight_baseline_1,ARIC,phs000280.v5.pht004032.v2.phv00203154.v1
weight_baseline_1,ARIC,phs000280.v5.pht004063.v2.phv00204712.v1
weight_baseline_1,CARDIA,phs000285.v3.pht001559.v2.phv00112439.v2
weight_baseline_1,CARDIA,phs000285.v3.pht001583.v2.phv00113635.v2
weight_baseline_1,CHS,phs000287.v6.pht001452.v1.phv00100383.v1
weight_baseline_1,CHS,phs000287.v6.pht001452.v1.phv00100487.v1
weight_baseline_1,COPDGene,phs000179.v5.pht002239.v4.phv00159591.v4
weight_baseline_1,COPDGene,phs000179.v5.pht002239.v4.phv00159836.v4
weight_baseline_1,HCHS_SOL,phs000810.v1.pht004715.v1.phv00226251.v1
weight_baseline_1,HCHS_SOL,phs000810.v1.pht004715.v1.phv00253218.v1
weight_baseline_1,JHS,phs000286.v5.pht001940.v1.phv00125861.v1
weight_baseline_1,JHS,phs000286.v5.pht001949.v1.phv00126009.v1
weight_baseline_1,MESA,phs000209.v13.pht001111.v4.phv00082639.v2
weight_baseline_1,MESA,phs000209.v13.pht001111.v4.phv00082685.v1
weight_baseline_1,MESA,phs000209.v13.pht001116.v10.phv00084442.v3
weight_baseline_1,MESA,phs000209.v13.pht001116.v10.phv00084484.v2
weight_baseline_1,MESA,phs000209.v13.pht001121.v3.phv00087071.v1
weight_baseline_1,MESA,phs000209.v13.pht001121.v3.phv00087079.v1
weight_baseline_1,WHI,phs000200.v11.pht000998.v6.phv00078436.v6
weight_baseline_1,WHI,phs000200.v11.pht000998.v6.phv00078437.v6
weight_baseline_1,WHI,phs000200.v11.pht001019.v6.phv00079851.v6
weight_baseline_1,WHI,phs000200.v11.pht001019.v6.phv00079852.v6
weight_baseline_1,WHI,phs000200.v11.pht001019.v6.phv00079859.v6
ever_smoker_baseline_1,ARIC,phs000280.v5.pht004063.v2.phv00204712.v1
ever_smoker_baseline_1,ARIC,phs000280.v5.pht004111.v2.phv00207368.v1
ever_smoker_baseline_1,ARIC,phs000280.v5.pht004111.v2.phv00207369.v1
ever_smoker_baseline_1,ARIC,phs000280.v5.pht004111.v2.phv00207370.v1
ever_smoker_baseline_1,ARIC,phs000280.v5.pht004111.v2.phv00207375.v1
ever_smoker_baseline_1,ARIC,phs000280.v5.pht004111.v2.phv00207376.v1
ever_smoker_baseline_1,CARDIA,phs000285.v3.pht001559.v2.phv00112439.v2
ever_smoker_baseline_1,CARDIA,phs000285.v3.pht001573.v2.phv00113213.v2
ever_smoker_baseline_1,CHS,phs000287.v6.pht001450.v1.phv00098844.v1
ever_smoker_baseline_1,CHS,phs000287.v6.pht001450.v1.phv00098845.v1
ever_smoker_baseline_1,CHS,phs000287.v6.pht001450.v1.phv00099157.v1
ever_smoker_baseline_1,CHS,phs000287.v6.pht001450.v1.phv00099159.v1
ever_smoker_baseline_1,CHS,phs000287.v6.pht001452.v1.phv00100487.v1
ever_smoker_baseline_1,CHS,phs000287.v6.pht001490.v1.phv00105143.v1
ever_smoker_baseline_1,CHS,phs000287.v6.pht001490.v1.phv00105144.v1
ever_smoker_baseline_1,CHS,phs000287.v6.pht001490.v1.phv00106198.v1
ever_smoker_baseline_1,CHS,phs000287.v6.pht001490.v1.phv00106200.v1
ever_smoker_baseline_1,COPDGene,phs000179.v5.pht002239.v4.phv00159636.v4
ever_smoker_baseline_1,COPDGene,phs000179.v5.pht002239.v4.phv00159637.v4
ever_smoker_baseline_1,COPDGene,phs000179.v5.pht002239.v4.phv00159638.v4
ever_smoker_baseline_1,COPDGene,phs000179.v5.pht002239.v4.phv00159639.v4
ever_smoker_baseline_1,COPDGene,phs000179.v5.pht002239.v4.phv00159640.v4
ever_smoker_baseline_1,COPDGene,phs000179.v5.pht002239.v4.phv00159641.v4
ever_smoker_baseline_1,COPDGene,phs000179.v5.pht002239.v4.phv00159747.v4
ever_smoker_baseline_1,COPDGene,phs000179.v5.pht002239.v4.phv00159748.v4
ever_smoker_baseline_1,COPDGene,phs000179.v5.pht002239.v4.phv00159749.v4
ever_smoker_baseline_1,COPDGene,phs000179.v5.pht002239.v4.phv00159750.v4
ever_smoker_baseline_1,COPDGene,phs000179.v5.pht002239.v4.phv00159752.v4
ever_smoker_baseline_1,COPDGene,phs000179.v5.pht002239.v4.phv00159754.v4
ever_smoker_baseline_1,COPDGene,phs000179.v5.pht002239.v4.phv00159755.v4
ever_smoker_baseline_1,COPDGene,phs000179.v5.pht002239.v4.phv00159756.v4
ever_smoker_baseline_1,COPDGene,phs000179.v5.pht002239.v4.phv00159836.v4
ever_smoker_baseline_1,COPDGene,phs000179.v5.pht002239.v4.phv00169388.v3
ever_smoker_baseline_1,HCHS_SOL,phs000810.v1.pht004715.v1.phv00226251.v1
ever_smoker_baseline_1,HCHS_SOL,phs000810.v1.pht004715.v1.phv00258106.v1
ever_smoker_baseline_1,HCHS_SOL,phs000810.v1.pht004715.v1.phv00258107.v1
ever_smoker_baseline_1,HCHS_SOL,phs000810.v1.pht004715.v1.phv00258108.v1
ever_smoker_baseline_1,HCHS_SOL,phs000810.v1.pht004715.v1.phv00258110.v1
ever_smoker_baseline_1,JHS,phs000286.v5.pht001949.v1.phv00126009.v1
ever_smoker_baseline_1,JHS,phs000286.v5.pht001977.v1.phv00128496.v1
ever_smoker_baseline_1,JHS,phs000286.v5.pht001977.v1.phv00128498.v1
ever_smoker_baseline_1,JHS,phs000286.v5.pht001977.v1.phv00128502.v1
ever_smoker_baseline_1,JHS,phs000286.v5.pht001977.v1.phv00128503.v1
ever_smoker_baseline_1,JHS,phs000286.v5.pht001977.v1.phv00128506.v1
ever_smoker_baseline_1,JHS,phs000286.v5.pht001977.v1.phv00128507.v1
ever_smoker_baseline_1,MESA,phs000209.v13.pht001111.v4.phv00082639.v2
ever_smoker_baseline_1,MESA,phs000209.v13.pht001111.v4.phv00083243.v1
ever_smoker_baseline_1,MESA,phs000209.v13.pht001111.v4.phv00083245.v1
ever_smoker_baseline_1,MESA,phs000209.v13.pht001111.v4.phv00083247.v1
ever_smoker_baseline_1,MESA,phs000209.v13.pht001116.v10.phv00084442.v3
ever_smoker_baseline_1,MESA,phs000209.v13.pht001116.v10.phv00085570.v2
ever_smoker_baseline_1,MESA,phs000209.v13.pht001116.v10.phv00085572.v2
ever_smoker_baseline_1,MESA,phs000209.v13.pht001116.v10.phv00085574.v2
ever_smoker_baseline_1,MESA,phs000209.v13.pht001121.v3.phv00087071.v1
ever_smoker_baseline_1,MESA,phs000209.v13.pht001121.v3.phv00087252.v1
ever_smoker_baseline_1,MESA,phs000209.v13.pht001121.v3.phv00087254.v1
ever_smoker_baseline_1,MESA,phs000209.v13.pht001121.v3.phv00087256.v1
ever_smoker_baseline_1,WHI,phs000200.v11.pht000998.v6.phv00078436.v6
ever_smoker_baseline_1,WHI,phs000200.v11.pht000998.v6.phv00078437.v6
ever_smoker_baseline_1,WHI,phs000200.v11.pht001003.v6.phv00078773.v6
ever_smoker_baseline_1,WHI,phs000200.v11.pht001003.v6.phv00078774.v6
sleep_duration_1,ARIC,phs000280.v5.pht004228.v2.phv00214261.v1
sleep_duration_1,ARIC,phs000280.v5.pht004228.v2.phv00214262.v1
sleep_duration_1,ARIC,phs000280.v5.pht004228.v2.phv00214263.v1
sleep_duration_1,ARIC,phs000280.v5.pht004228.v2.phv00214268.v1
sleep_duration_1,ARIC,phs000280.v5.pht004228.v2.phv00214269.v1
sleep_duration_1,ARIC,phs000280.v5.pht004228.v2.phv00214270.v1
sleep_duration_1,ARIC,phs000280.v5.pht004228.v2.phv00214274.v1
sleep_duration_1,ARIC,phs000280.v5.pht004228.v2.phv00215388.v1
sleep_duration_1,ARIC,phs000280.v5.pht006431.v1.phv00295623.v1
sleep_duration_1,ARIC,phs000280.v5.pht006479.v1.phv00298019.v1
sleep_duration_1,CARDIA,phs000285.v3.pht001839.v2.phv00120534.v2
sleep_duration_1,CARDIA,phs000285.v3.pht001851.v2.phv00120748.v2
sleep_duration_1,CHS,phs000287.v6.pht001460.v1.phv00100694.v1
sleep_duration_1,CHS,phs000287.v6.pht001460.v1.phv00100712.v1
sleep_duration_1,HCHS_SOL,phs000810.v1.pht004715.v1.phv00226251.v1
sleep_duration_1,HCHS_SOL,phs000810.v1.pht004715.v1.phv00258046.v1
sleep_duration_1,JHS,phs000286.v5.pht001949.v1.phv00126009.v1
sleep_duration_1,JHS,phs000286.v5.pht001963.v1.phv00127678.v1
sleep_duration_1,MESA,phs000209.v13.pht001120.v10.phv00086727.v3
sleep_duration_1,MESA,phs000209.v13.pht001120.v10.phv00087048.v2
sleep_duration_1,WHI,phs000200.v11.pht000998.v6.phv00078436.v6
sleep_duration_1,WHI,phs000200.v11.pht000998.v6.phv00078437.v6
sleep_duration_1,WHI,phs000200.v11.pht001005.v6.phv00078869.v6
sleep_duration_1,WHI,phs000200.v11.pht001005.v6.phv00078870.v6
sleep_duration_1,WHI,phs000200.v11.pht001005.v6.phv00079041.v6
total_cholesterol_1,ARIC,phs000280.v4.pht004063.v2.phv00204712.v1
total_cholesterol_1,ARIC,phs000280.v4.pht004063.v2.phv00204735.v1
total_cholesterol_1,CARDIA,phs000285.v3.pht001559.v2.phv00112439.v2
total_cholesterol_1,CARDIA,phs000285.v3.pht001588.v2.phv00113700.v2
total_cholesterol_1,CHS,phs000287.v6.pht001452.v1.phv00100487.v1
total_cholesterol_1,CHS,phs000287.v6.pht001452.v1.phv00100491.v1
total_cholesterol_1,HCHS_SOL,phs000810.v1.pht004715.v1.phv00226251.v1
total_cholesterol_1,HCHS_SOL,phs000810.v1.pht004715.v1.phv00253238.v1
total_cholesterol_1,JHS,phs000286.v5.pht001945.v1.phv00125927.v1
total_cholesterol_1,JHS,phs000286.v5.pht001949.v1.phv00126009.v1
total_cholesterol_1,MESA,phs000209.v13.pht001111.v4.phv00082639.v2
total_cholesterol_1,MESA,phs000209.v13.pht001111.v4.phv00082956.v1
total_cholesterol_1,MESA,phs000209.v13.pht001116.v10.phv00084442.v3
total_cholesterol_1,MESA,phs000209.v13.pht001116.v10.phv00084974.v2
total_cholesterol_1,MESA,phs000209.v13.pht001121.v3.phv00087071.v1
total_cholesterol_1,MESA,phs000209.v13.pht001121.v3.phv00087100.v1
fasting_lipids_1,ARIC,phs000280.v4.pht004063.v2.phv00204712.v1
fasting_lipids_1,ARIC,phs000280.v4.pht004063.v2.phv00204732.v1
fasting_lipids_1,CARDIA,phs000285.v3.pht001559.v2.phv00112439.v2
fasting_lipids_1,CARDIA,phs000285.v3.pht001563.v2.phv00112661.v2
fasting_lipids_1,CHS,phs000287.v6.pht001451.v1.phv00099923.v1
fasting_lipids_1,CHS,phs000287.v6.pht001452.v1.phv00100487.v1
fasting_lipids_1,HCHS_SOL,phs000810.v1.pht004715.v1.phv00226251.v1
fasting_lipids_1,HCHS_SOL,phs000810.v1.pht004715.v1.phv00253225.v1
fasting_lipids_1,JHS,phs000286.v5.pht001949.v1.phv00126009.v1
fasting_lipids_1,JHS,phs000286.v5.pht001949.v1.phv00126044.v1
fasting_lipids_1,MESA,phs000209.v13.pht001111.v4.phv00082639.v2
fasting_lipids_1,MESA,phs000209.v13.pht001111.v4.phv00083303.v1
fasting_lipids_1,MESA,phs000209.v13.pht001116.v10.phv00084442.v3
fasting_lipids_1,MESA,phs000209.v13.pht001116.v10.phv00084980.v2
fasting_lipids_1,MESA,phs000209.v13.pht001121.v3.phv00087071.v1
fasting_lipids_1,MESA,phs000209.v13.pht001121.v3.phv00087524.v1
lipid_lowering_medication_1,ARIC,phs000280.v4.pht004063.v2.phv00204712.v1
lipid_lowering_medication_1,ARIC,phs000280.v4.pht004063.v2.phv00204802.v1
lipid_lowering_medication_1,CHS,phs000287.v6.pht001452.v1.phv00100487.v1
lipid_lowering_medication_1,CHS,phs000287.v6.pht001452.v1.phv00100594.v1
lipid_lowering_medication_1,HCHS_SOL,phs000810.v1.pht004715.v1.phv00226251.v1
lipid_lowering_medication_1,HCHS_SOL,phs000810.v1.pht004715.v1.phv00226349.v1
lipid_lowering_medication_1,JHS,phs000286.v5.pht001949.v1.phv00126009.v1
lipid_lowering_medication_1,JHS,phs000286.v5.pht001949.v1.phv00126053.v1
lipid_lowering_medication_1,MESA,phs000209.v13.pht001111.v4.phv00082639.v2
lipid_lowering_medication_1,MESA,phs000209.v13.pht001111.v4.phv00083162.v1
lipid_lowering_medication_1,MESA,phs000209.v13.pht001116.v10.phv00084442.v3
lipid_lowering_medication_1,MESA,phs000209.v13.pht001116.v10.phv00085407.v2
lipid_lowering_medication_1,MESA,phs000209.v13.pht001121.v3.phv00087071.v1
lipid_lowering_medication_1,MESA,phs000209.v13.pht001121.v3.phv00087104.v1
triglycerides_1,ARIC,phs000280.v4.pht004063.v2.phv00204712.v1
triglycerides_1,ARIC,phs000280.v4.pht004063.v2.phv00204738.v1
triglycerides_1,CARDIA,phs000285.v3.pht001559.v2.phv00112439.v2
triglycerides_1,CARDIA,phs000285.v3.pht001588.v2.phv00113701.v2
triglycerides_1,CHS,phs000287.v6.pht001452.v1.phv00100425.v1
triglycerides_1,CHS,phs000287.v6.pht001452.v1.phv00100487.v1
triglycerides_1,HCHS_SOL,phs000810.v1.pht004715.v1.phv00226251.v1
triglycerides_1,HCHS_SOL,phs000810.v1.pht004715.v1.phv00253240.v1
triglycerides_1,JHS,phs000286.v5.pht001945.v1.phv00125933.v1
triglycerides_1,JHS,phs000286.v5.pht001949.v1.phv00126009.v1
triglycerides_1,MESA,phs000209.v13.pht001111.v4.phv00082639.v2
triglycerides_1,MESA,phs000209.v13.pht001111.v4.phv00082950.v1
triglycerides_1,MESA,phs000209.v13.pht001116.v10.phv00084442.v3
triglycerides_1,MESA,phs000209.v13.pht001116.v10.phv00084968.v2
triglycerides_1,MESA,phs000209.v13.pht001121.v3.phv00087071.v1
triglycerides_1,MESA,phs000209.v13.pht001121.v3.phv00087101.v1
hdl_1,ARIC,phs000280.v4.pht004063.v2.phv00204712.v1
hdl_1,ARIC,phs000280.v4.pht004063.v2.phv00204761.v1
hdl_1,CARDIA,phs000285.v3.pht001559.v2.phv00112439.v2
hdl_1,CARDIA,phs000285.v3.pht001588.v2.phv00113702.v2
hdl_1,CHS,phs000287.v6.pht001452.v1.phv00100426.v1
hdl_1,CHS,phs000287.v6.pht001452.v1.phv00100487.v1
hdl_1,HCHS_SOL,phs000810.v1.pht004715.v1.phv00226251.v1
hdl_1,HCHS_SOL,phs000810.v1.pht004715.v1.phv00253239.v1
hdl_1,JHS,phs000286.v5.pht001945.v1.phv00125930.v1
hdl_1,JHS,phs000286.v5.pht001949.v1.phv00126009.v1
hdl_1,MESA,phs000209.v13.pht001111.v4.phv00082639.v2
hdl_1,MESA,phs000209.v13.pht001111.v4.phv00082952.v1
hdl_1,MESA,phs000209.v13.pht001116.v10.phv00084442.v3
hdl_1,MESA,phs000209.v13.pht001116.v10.phv00084972.v2
hdl_1,MESA,phs000209.v13.pht001121.v3.phv00087071.v1
hdl_1,MESA,phs000209.v13.pht001121.v3.phv00087099.v1
vte_followup_start_age_1,ARIC,phs000280.v4.pht004063.v2.phv00204712.v1
vte_followup_start_age_1,ARIC,phs000280.v4.pht006485.v1.phv00298125.v1
vte_followup_start_age_1,CHS,phs000287.v6.pht001452.v1.phv00100487.v1
vte_case_status_1,ARIC,phs000280.v4.pht004063.v2.phv00204712.v1
vte_case_status_1,ARIC,phs000280.v4.pht006485.v1.phv00298125.v1
vte_case_status_1,ARIC,phs000280.v4.pht006485.v1.phv00298126.v1
vte_case_status_1,CHS,phs000287.v6.pht001452.v1.phv00100487.v1
vte_case_status_1,CHS,phs000287.v6.pht005981.v1.phv00273565.v1
vte_case_status_1,CHS,phs000287.v6.pht005981.v1.phv00273566.v1
vte_case_status_1,CHS,phs000287.v6.pht005981.v1.phv00273567.v1
vte_prior_history_1,ARIC,phs000280.v4.pht004063.v2.phv00204712.v1
vte_prior_history_1,ARIC,phs000280.v4.pht006485.v1.phv00298125.v1
vte_prior_history_1,CHS,phs000287.v6.pht001452.v1.phv00100487.v1
vte_prior_history_1,CHS,phs000287.v6.pht005981.v1.phv00273567.v1
carotid_stenosis_1,CHS,phs000287.v6.pht001452.v1.phv00100290.v1
carotid_stenosis_1,CHS,phs000287.v6.pht001452.v1.phv00100487.v1
carotid_stenosis_1,CHS,phs000287.v6.pht001473.v1.phv00101302.v1
carotid_stenosis_1,CHS,phs000287.v6.pht001473.v1.phv00101303.v1
carotid_stenosis_1,CHS,phs000287.v6.pht001473.v1.phv00101313.v1
carotid_stenosis_1,CHS,phs000287.v6.pht001473.v1.phv00101314.v1
carotid_stenosis_1,FHS,phs000007.v29.pht000083.v6.phv00021700.v5
carotid_stenosis_1,FHS,phs000007.v29.pht000083.v6.phv00021702.v5
carotid_stenosis_1,FHS,phs000007.v29.pht003099.v4.phv00177940.v4
carotid_stenosis_1,MESA,phs000209.v13.pht001111.v4.phv00082639.v2
carotid_stenosis_1,MESA,phs000209.v13.pht001116.v10.phv00084442.v3
carotid_stenosis_1,MESA,phs000209.v13.pht001116.v10.phv00084798.v2
carotid_stenosis_1,MESA,phs000209.v13.pht001116.v10.phv00084803.v2
carotid_stenosis_1,MESA,phs000209.v13.pht001121.v3.phv00087071.v1
cimt_2,ARIC,phs000280.v3.pht004063.v1.phv00204712.v1
cimt_2,ARIC,phs000280.v3.pht004207.v1.phv00211053.v1
cimt_2,ARIC,phs000280.v3.pht004207.v1.phv00211054.v1
cimt_2,ARIC,phs000280.v3.pht004207.v1.phv00211055.v1
cimt_2,ARIC,phs000280.v3.pht004207.v1.phv00211059.v1
cimt_2,ARIC,phs000280.v3.pht004207.v1.phv00211060.v1
cimt_2,ARIC,phs000280.v3.pht004207.v1.phv00211061.v1
cimt_2,ARIC,phs000280.v3.pht004207.v1.phv00211081.v1
cimt_2,ARIC,phs000280.v3.pht004207.v1.phv00211082.v1
cimt_2,ARIC,phs000280.v3.pht004207.v1.phv00211083.v1
cimt_2,ARIC,phs000280.v3.pht004207.v1.phv00211087.v1
cimt_2,ARIC,phs000280.v3.pht004207.v1.phv00211088.v1
cimt_2,ARIC,phs000280.v3.pht004207.v1.phv00211089.v1
cimt_2,CHS,phs000287.v6.pht001452.v1.phv00100290.v1
cimt_2,CHS,phs000287.v6.pht001452.v1.phv00100487.v1
cimt_2,CHS,phs000287.v6.pht001473.v1.phv00101238.v1
cimt_2,CHS,phs000287.v6.pht001473.v1.phv00101239.v1
cimt_2,CHS,phs000287.v6.pht001473.v1.phv00101250.v1
cimt_2,CHS,phs000287.v6.pht001473.v1.phv00101251.v1
cimt_2,CHS,phs000287.v6.pht001473.v1.phv00101264.v1
cimt_2,CHS,phs000287.v6.pht001473.v1.phv00101265.v1
cimt_2,CHS,phs000287.v6.pht001473.v1.phv00101276.v1
cimt_2,CHS,phs000287.v6.pht001473.v1.phv00101277.v1
cimt_2,FHS,phs000007.v29.pht000083.v6.phv00021728.v5
cimt_2,FHS,phs000007.v29.pht003099.v4.phv00177940.v4
cimt_2,JHS,phs000286.v5.pht001949.v1.phv00126009.v1
cimt_2,JHS,phs000286.v5.pht001978.v1.phv00128541.v1
cimt_2,JHS,phs000286.v5.pht001978.v1.phv00128542.v1
cimt_2,JHS,phs000286.v5.pht001978.v1.phv00128543.v1
cimt_2,JHS,phs000286.v5.pht001978.v1.phv00128544.v1
cimt_2,JHS,phs000286.v5.pht001978.v1.phv00128545.v1
cimt_2,JHS,phs000286.v5.pht001978.v1.phv00128546.v1
cimt_2,JHS,phs000286.v5.pht001978.v1.phv00128561.v1
cimt_2,JHS,phs000286.v5.pht001978.v1.phv00128562.v1
cimt_2,JHS,phs000286.v5.pht001978.v1.phv00128563.v1
cimt_2,JHS,phs000286.v5.pht001978.v1.phv00128564.v1
cimt_2,JHS,phs000286.v5.pht001978.v1.phv00128565.v1
cimt_2,JHS,phs000286.v5.pht001978.v1.phv00128566.v1
cac_volume_1,FHS,phs000007.v29.pht003099.v4.phv00177930.v4
cac_volume_1,FHS,phs000007.v29.pht005161.v1.phv00257671.v1
cac_volume_1,FHS,phs000007.v29.pht005161.v1.phv00257672.v1
carotid_plaque_1,ARIC,phs000280.v3.pht004063.v1.phv00204712.v1
carotid_plaque_1,ARIC,phs000280.v3.pht004063.v1.phv00204791.v1
carotid_plaque_1,CHS,phs000287.v6.pht001452.v1.phv00100290.v1
carotid_plaque_1,CHS,phs000287.v6.pht001452.v1.phv00100487.v1
carotid_plaque_1,CHS,phs000287.v6.pht001473.v1.phv00101306.v1
carotid_plaque_1,CHS,phs000287.v6.pht001473.v1.phv00101307.v1
carotid_plaque_1,CHS,phs000287.v6.pht001473.v1.phv00101317.v1
carotid_plaque_1,CHS,phs000287.v6.pht001473.v1.phv00101318.v1
carotid_plaque_1,JHS,phs000286.v5.pht001949.v1.phv00126009.v1
carotid_plaque_1,JHS,phs000286.v5.pht001978.v1.phv00128573.v1
carotid_plaque_1,MESA,phs000209.v13.pht001111.v4.phv00082639.v2
carotid_plaque_1,MESA,phs000209.v13.pht001116.v10.phv00084442.v3
carotid_plaque_1,MESA,phs000209.v13.pht001116.v10.phv00084797.v2
carotid_plaque_1,MESA,phs000209.v13.pht001116.v10.phv00084802.v2
carotid_plaque_1,MESA,phs000209.v13.pht001121.v3.phv00087071.v1
cac_score_1,CHS,phs000287.v6.pht001459.v1.phv00100691.v1
cac_score_1,CHS,phs000287.v6.pht001475.v1.phv00102583.v1
cac_score_1,JHS,phs000286.v5.pht001948.v1.phv00126002.v1
cac_score_1,JHS,phs000286.v5.pht001949.v1.phv00126009.v1
cimt_1,ARIC,phs000280.v3.pht004063.v1.phv00204712.v1
cimt_1,ARIC,phs000280.v3.pht004207.v1.phv00211095.v1
cimt_1,ARIC,phs000280.v3.pht004207.v1.phv00211096.v1
cimt_1,ARIC,phs000280.v3.pht004207.v1.phv00211097.v1
cimt_1,ARIC,phs000280.v3.pht004207.v1.phv00211101.v1
cimt_1,ARIC,phs000280.v3.pht004207.v1.phv00211102.v1
cimt_1,ARIC,phs000280.v3.pht004207.v1.phv00211103.v1
cimt_1,CHS,phs000287.v6.pht001452.v1.phv00100487.v1
cimt_1,CHS,phs000287.v6.pht001468.v1.phv00100864.v1
cimt_1,FHS,phs000007.v29.pht000907.v5.phv00076366.v4
cimt_1,FHS,phs000007.v29.pht003099.v4.phv00177940.v4
cimt_1,JHS,phs000286.v5.pht001949.v1.phv00126009.v1
cimt_1,JHS,phs000286.v5.pht001978.v1.phv00128531.v1
cimt_1,JHS,phs000286.v5.pht001978.v1.phv00128532.v1
cimt_1,JHS,phs000286.v5.pht001978.v1.phv00128533.v1
cimt_1,JHS,phs000286.v5.pht001978.v1.phv00128534.v1
cimt_1,JHS,phs000286.v5.pht001978.v1.phv00128535.v1
cimt_1,JHS,phs000286.v5.pht001978.v1.phv00128536.v1
mcv_entvol_rbc_1,ARIC,phs000280.v4.pht004062.v2.phv00204623.v1
mcv_entvol_rbc_1,ARIC,phs000280.v4.pht004064.v2.phv00204871.v1
mcv_entvol_rbc_1,ARIC,phs000280.v4.pht004065.v2.phv00204975.v1
mcv_entvol_rbc_1,ARIC,phs000280.v4.pht004108.v2.phv00207282.v1
mcv_entvol_rbc_1,ARIC,phs000280.v4.pht004109.v2.phv00207293.v1
mcv_entvol_rbc_1,ARIC,phs000280.v4.pht004110.v2.phv00207305.v1
mcv_entvol_rbc_1,ARIC,phs000280.v4.pht006422.v1.phv00294959.v1
mcv_entvol_rbc_1,ARIC,phs000280.v4.pht006431.v1.phv00295623.v1
mcv_entvol_rbc_1,CARDIA,phs000285.v3.pht001559.v2.phv00112439.v2
mcv_entvol_rbc_1,CARDIA,phs000285.v3.pht001563.v2.phv00112687.v2
mcv_entvol_rbc_1,CARDIA,phs000285.v3.pht001563.v2.phv00112689.v2
mcv_entvol_rbc_1,HCHS_SOL,phs000810.v1.pht004715.v1.phv00226251.v1
mcv_entvol_rbc_1,HCHS_SOL,phs000810.v1.pht004715.v1.phv00226304.v1
mcv_entvol_rbc_1,JHS,phs000286.v5.pht001949.v1.phv00126009.v1
mcv_entvol_rbc_1,JHS,phs000286.v5.pht001959.v1.phv00127625.v1
mcv_entvol_rbc_1,MESA,phs000209.v13.pht003091.v3.phv00176011.v1
mcv_entvol_rbc_1,MESA,phs000209.v13.pht004319.v1.phv00218990.v1
mcv_entvol_rbc_1,MESA,phs000209.v13.pht004319.v1.phv00218992.v1
hematocrit_vfr_bld_1,ARIC,phs000280.v4.pht004062.v2.phv00204623.v1
hematocrit_vfr_bld_1,ARIC,phs000280.v4.pht004063.v2.phv00204712.v1
hematocrit_vfr_bld_1,ARIC,phs000280.v4.pht004064.v2.phv00204871.v1
hematocrit_vfr_bld_1,ARIC,phs000280.v4.pht004065.v2.phv00204975.v1
hematocrit_vfr_bld_1,ARIC,phs000280.v4.pht004107.v2.phv00207255.v1
hematocrit_vfr_bld_1,ARIC,phs000280.v4.pht004108.v2.phv00207270.v1
hematocrit_vfr_bld_1,ARIC,phs000280.v4.pht004109.v2.phv00207289.v1
hematocrit_vfr_bld_1,ARIC,phs000280.v4.pht004110.v2.phv00207301.v1
hematocrit_vfr_bld_1,ARIC,phs000280.v4.pht006422.v1.phv00294957.v1
hematocrit_vfr_bld_1,ARIC,phs000280.v4.pht006431.v1.phv00295623.v1
hematocrit_vfr_bld_1,CARDIA,phs000285.v3.pht001559.v2.phv00112439.v2
hematocrit_vfr_bld_1,CARDIA,phs000285.v3.pht001563.v2.phv00112689.v2
hematocrit_vfr_bld_1,CHS,phs000287.v6.pht001452.v1.phv00100413.v1
hematocrit_vfr_bld_1,CHS,phs000287.v6.pht001452.v1.phv00100487.v1
hematocrit_vfr_bld_1,HCHS_SOL,phs000810.v1.pht004715.v1.phv00226251.v1
hematocrit_vfr_bld_1,HCHS_SOL,phs000810.v1.pht004715.v1.phv00226303.v1
hematocrit_vfr_bld_1,JHS,phs000286.v5.pht001949.v1.phv00126009.v1
hematocrit_vfr_bld_1,JHS,phs000286.v5.pht001959.v1.phv00127614.v1
hematocrit_vfr_bld_1,MESA,phs000209.v13.pht003091.v3.phv00176011.v1
hematocrit_vfr_bld_1,MESA,phs000209.v13.pht004319.v1.phv00218992.v1
hematocrit_vfr_bld_1,WHI,phs000200.v11.pht000986.v6.phv00077362.v6
hematocrit_vfr_bld_1,WHI,phs000200.v11.pht000986.v6.phv00077363.v6
hematocrit_vfr_bld_1,WHI,phs000200.v11.pht000986.v6.phv00077365.v6
hematocrit_vfr_bld_1,WHI,phs000200.v11.pht000998.v6.phv00078436.v6
hematocrit_vfr_bld_1,WHI,phs000200.v11.pht000998.v6.phv00078437.v6
basophil_ncnc_bld_1,ARIC,phs000280.v4.pht004062.v2.phv00204623.v1
basophil_ncnc_bld_1,ARIC,phs000280.v4.pht004063.v2.phv00204712.v1
basophil_ncnc_bld_1,ARIC,phs000280.v4.pht004107.v2.phv00207257.v1
basophil_ncnc_bld_1,ARIC,phs000280.v4.pht004107.v2.phv00207264.v1
basophil_ncnc_bld_1,ARIC,phs000280.v4.pht004108.v2.phv00207272.v1
basophil_ncnc_bld_1,ARIC,phs000280.v4.pht004108.v2.phv00207279.v1
basophil_ncnc_bld_1,CARDIA,phs000285.v3.pht001559.v2.phv00112439.v2
basophil_ncnc_bld_1,CARDIA,phs000285.v3.pht001563.v2.phv00112686.v2
basophil_ncnc_bld_1,CARDIA,phs000285.v3.pht001563.v2.phv00112696.v2
basophil_ncnc_bld_1,HCHS_SOL,phs000810.v1.pht004715.v1.phv00226251.v1
basophil_ncnc_bld_1,HCHS_SOL,phs000810.v1.pht004715.v1.phv00226283.v1
basophil_ncnc_bld_1,HCHS_SOL,phs000810.v1.pht004715.v1.phv00226288.v1
basophil_ncnc_bld_1,JHS,phs000286.v5.pht001949.v1.phv00126009.v1
basophil_ncnc_bld_1,JHS,phs000286.v5.pht001959.v1.phv00127620.v1
basophil_ncnc_bld_1,JHS,phs000286.v5.pht001959.v1.phv00127631.v1
basophil_ncnc_bld_1,MESA,phs000209.v13.pht003091.v3.phv00176011.v1
basophil_ncnc_bld_1,MESA,phs000209.v13.pht004319.v1.phv00219002.v1
monocyte_ncnc_bld_1,ARIC,phs000280.v4.pht004062.v2.phv00204623.v1
monocyte_ncnc_bld_1,ARIC,phs000280.v4.pht004063.v2.phv00204712.v1
monocyte_ncnc_bld_1,ARIC,phs000280.v4.pht004107.v2.phv00207257.v1
monocyte_ncnc_bld_1,ARIC,phs000280.v4.pht004107.v2.phv00207262.v1
monocyte_ncnc_bld_1,ARIC,phs000280.v4.pht004108.v2.phv00207272.v1
monocyte_ncnc_bld_1,ARIC,phs000280.v4.pht004108.v2.phv00207277.v1
monocyte_ncnc_bld_1,ARIC,phs000280.v4.pht006422.v1.phv00294954.v1
monocyte_ncnc_bld_1,ARIC,phs000280.v4.pht006422.v1.phv00294965.v1
monocyte_ncnc_bld_1,ARIC,phs000280.v4.pht006431.v1.phv00295623.v1
monocyte_ncnc_bld_1,CARDIA,phs000285.v3.pht001559.v2.phv00112439.v2
monocyte_ncnc_bld_1,CARDIA,phs000285.v3.pht001563.v2.phv00112686.v2
monocyte_ncnc_bld_1,CARDIA,phs000285.v3.pht001563.v2.phv00112692.v2
monocyte_ncnc_bld_1,HCHS_SOL,phs000810.v1.pht004715.v1.phv00226251.v1
monocyte_ncnc_bld_1,HCHS_SOL,phs000810.v1.pht004715.v1.phv00226283.v1
monocyte_ncnc_bld_1,HCHS_SOL,phs000810.v1.pht004715.v1.phv00226286.v1
monocyte_ncnc_bld_1,JHS,phs000286.v5.pht001949.v1.phv00126009.v1
monocyte_ncnc_bld_1,JHS,phs000286.v5.pht001959.v1.phv00127626.v1
monocyte_ncnc_bld_1,JHS,phs000286.v5.pht001959.v1.phv00127631.v1
monocyte_ncnc_bld_1,MESA,phs000209.v13.pht003091.v3.phv00176011.v1
monocyte_ncnc_bld_1,MESA,phs000209.v13.pht004319.v1.phv00219000.v1
eosinophil_ncnc_bld_1,ARIC,phs000280.v4.pht004062.v2.phv00204623.v1
eosinophil_ncnc_bld_1,ARIC,phs000280.v4.pht004063.v2.phv00204712.v1
eosinophil_ncnc_bld_1,ARIC,phs000280.v4.pht004107.v2.phv00207257.v1
eosinophil_ncnc_bld_1,ARIC,phs000280.v4.pht004107.v2.phv00207263.v1
eosinophil_ncnc_bld_1,ARIC,phs000280.v4.pht004108.v2.phv00207272.v1
eosinophil_ncnc_bld_1,ARIC,phs000280.v4.pht004108.v2.phv00207278.v1
eosinophil_ncnc_bld_1,CARDIA,phs000285.v3.pht001559.v2.phv00112439.v2
eosinophil_ncnc_bld_1,CARDIA,phs000285.v3.pht001563.v2.phv00112686.v2
eosinophil_ncnc_bld_1,CARDIA,phs000285.v3.pht001563.v2.phv00112693.v2
eosinophil_ncnc_bld_1,HCHS_SOL,phs000810.v1.pht004715.v1.phv00226251.v1
eosinophil_ncnc_bld_1,HCHS_SOL,phs000810.v1.pht004715.v1.phv00226283.v1
eosinophil_ncnc_bld_1,HCHS_SOL,phs000810.v1.pht004715.v1.phv00226287.v1
eosinophil_ncnc_bld_1,JHS,phs000286.v5.pht001949.v1.phv00126009.v1
eosinophil_ncnc_bld_1,JHS,phs000286.v5.pht001959.v1.phv00127621.v1
eosinophil_ncnc_bld_1,JHS,phs000286.v5.pht001959.v1.phv00127631.v1
eosinophil_ncnc_bld_1,MESA,phs000209.v13.pht003091.v3.phv00176011.v1
eosinophil_ncnc_bld_1,MESA,phs000209.v13.pht004319.v1.phv00219001.v1
rbc_ncnc_bld_1,ARIC,phs000280.v4.pht004064.v2.phv00204871.v1
rbc_ncnc_bld_1,ARIC,phs000280.v4.pht004065.v2.phv00204975.v1
rbc_ncnc_bld_1,ARIC,phs000280.v4.pht004109.v2.phv00207287.v1
rbc_ncnc_bld_1,ARIC,phs000280.v4.pht004110.v2.phv00207299.v1
rbc_ncnc_bld_1,ARIC,phs000280.v4.pht006422.v1.phv00294955.v1
rbc_ncnc_bld_1,ARIC,phs000280.v4.pht006431.v1.phv00295623.v1
rbc_ncnc_bld_1,CARDIA,phs000285.v3.pht001559.v2.phv00112439.v2
rbc_ncnc_bld_1,CARDIA,phs000285.v3.pht001563.v2.phv00112687.v2
rbc_ncnc_bld_1,HCHS_SOL,phs000810.v1.pht004715.v1.phv00226251.v1
rbc_ncnc_bld_1,HCHS_SOL,phs000810.v1.pht004715.v1.phv00226294.v1
rbc_ncnc_bld_1,JHS,phs000286.v5.pht001949.v1.phv00126009.v1
rbc_ncnc_bld_1,JHS,phs000286.v5.pht001959.v1.phv00127629.v1
rbc_ncnc_bld_1,MESA,phs000209.v13.pht003091.v3.phv00176011.v1
rbc_ncnc_bld_1,MESA,phs000209.v13.pht004319.v1.phv00218990.v1
platelet_ncnc_bld_1,ARIC,phs000280.v4.pht004062.v2.phv00204623.v1
platelet_ncnc_bld_1,ARIC,phs000280.v4.pht004063.v2.phv00204712.v1
platelet_ncnc_bld_1,ARIC,phs000280.v4.pht004064.v2.phv00204871.v1
platelet_ncnc_bld_1,ARIC,phs000280.v4.pht004065.v2.phv00204975.v1
platelet_ncnc_bld_1,ARIC,phs000280.v4.pht004107.v2.phv00207258.v1
platelet_ncnc_bld_1,ARIC,phs000280.v4.pht004108.v2.phv00207273.v1
platelet_ncnc_bld_1,ARIC,phs000280.v4.pht004109.v2.phv00207294.v1
platelet_ncnc_bld_1,ARIC,phs000280.v4.pht004110.v2.phv00207306.v1
platelet_ncnc_bld_1,ARIC,phs000280.v4.pht006422.v1.phv00294958.v1
platelet_ncnc_bld_1,ARIC,phs000280.v4.pht006431.v1.phv00295623.v1
platelet_ncnc_bld_1,CARDIA,phs000285.v3.pht001559.v2.phv00112439.v2
platelet_ncnc_bld_1,CARDIA,phs000285.v3.pht001563.v2.phv00112690.v2
platelet_ncnc_bld_1,CHS,phs000287.v6.pht001452.v1.phv00100414.v1
platelet_ncnc_bld_1,CHS,phs000287.v6.pht001452.v1.phv00100487.v1
platelet_ncnc_bld_1,HCHS_SOL,phs000810.v1.pht004715.v1.phv00226251.v1
platelet_ncnc_bld_1,HCHS_SOL,phs000810.v1.pht004715.v1.phv00226310.v1
platelet_ncnc_bld_1,JHS,phs000286.v5.pht001949.v1.phv00126009.v1
platelet_ncnc_bld_1,JHS,phs000286.v5.pht001959.v1.phv00127616.v1
platelet_ncnc_bld_1,MESA,phs000209.v13.pht003091.v3.phv00176011.v1
platelet_ncnc_bld_1,MESA,phs000209.v13.pht004319.v1.phv00218991.v1
platelet_ncnc_bld_1,WHI,phs000200.v11.pht000986.v6.phv00077362.v6
platelet_ncnc_bld_1,WHI,phs000200.v11.pht000986.v6.phv00077363.v6
platelet_ncnc_bld_1,WHI,phs000200.v11.pht000986.v6.phv00077367.v6
platelet_ncnc_bld_1,WHI,phs000200.v11.pht000998.v6.phv00078436.v6
platelet_ncnc_bld_1,WHI,phs000200.v11.pht000998.v6.phv00078437.v6
wbc_ncnc_bld_1,ARIC,phs000280.v4.pht004062.v2.phv00204623.v1
wbc_ncnc_bld_1,ARIC,phs000280.v4.pht004063.v2.phv00204712.v1
wbc_ncnc_bld_1,ARIC,phs000280.v4.pht004064.v2.phv00204871.v1
wbc_ncnc_bld_1,ARIC,phs000280.v4.pht004065.v2.phv00204975.v1
wbc_ncnc_bld_1,ARIC,phs000280.v4.pht004107.v2.phv00207257.v1
wbc_ncnc_bld_1,ARIC,phs000280.v4.pht004108.v2.phv00207272.v1
wbc_ncnc_bld_1,ARIC,phs000280.v4.pht004109.v2.phv00207286.v1
wbc_ncnc_bld_1,ARIC,phs000280.v4.pht004110.v2.phv00207298.v1
wbc_ncnc_bld_1,ARIC,phs000280.v4.pht006422.v1.phv00294954.v1
wbc_ncnc_bld_1,ARIC,phs000280.v4.pht006431.v1.phv00295623.v1
wbc_ncnc_bld_1,CARDIA,phs000285.v3.pht001559.v2.phv00112439.v2
wbc_ncnc_bld_1,CARDIA,phs000285.v3.pht001563.v2.phv00112686.v2
wbc_ncnc_bld_1,CHS,phs000287.v6.pht001452.v1.phv00100411.v1
wbc_ncnc_bld_1,CHS,phs000287.v6.pht001452.v1.phv00100487.v1
wbc_ncnc_bld_1,HCHS_SOL,phs000810.v1.pht004715.v1.phv00226251.v1
wbc_ncnc_bld_1,HCHS_SOL,phs000810.v1.pht004715.v1.phv00226283.v1
wbc_ncnc_bld_1,JHS,phs000286.v5.pht001949.v1.phv00126009.v1
wbc_ncnc_bld_1,JHS,phs000286.v5.pht001959.v1.phv00127631.v1
wbc_ncnc_bld_1,MESA,phs000209.v13.pht003091.v3.phv00176011.v1
wbc_ncnc_bld_1,MESA,phs000209.v13.pht004319.v1.phv00218997.v1
wbc_ncnc_bld_1,WHI,phs000200.v11.pht000986.v6.phv00077362.v6
wbc_ncnc_bld_1,WHI,phs000200.v11.pht000986.v6.phv00077363.v6
wbc_ncnc_bld_1,WHI,phs000200.v11.pht000986.v6.phv00077368.v6
wbc_ncnc_bld_1,WHI,phs000200.v11.pht000998.v6.phv00078436.v6
wbc_ncnc_bld_1,WHI,phs000200.v11.pht000998.v6.phv00078437.v6
hemoglobin_mcnc_bld_1,ARIC,phs000280.v4.pht004062.v2.phv00204623.v1
hemoglobin_mcnc_bld_1,ARIC,phs000280.v4.pht004063.v2.phv00204712.v1
hemoglobin_mcnc_bld_1,ARIC,phs000280.v4.pht004064.v2.phv00204871.v1
hemoglobin_mcnc_bld_1,ARIC,phs000280.v4.pht004065.v2.phv00204975.v1
hemoglobin_mcnc_bld_1,ARIC,phs000280.v4.pht004107.v2.phv00207256.v1
hemoglobin_mcnc_bld_1,ARIC,phs000280.v4.pht004108.v2.phv00207271.v1
hemoglobin_mcnc_bld_1,ARIC,phs000280.v4.pht004109.v2.phv00207288.v1
hemoglobin_mcnc_bld_1,ARIC,phs000280.v4.pht004110.v2.phv00207300.v1
hemoglobin_mcnc_bld_1,ARIC,phs000280.v4.pht006422.v1.phv00294956.v1
hemoglobin_mcnc_bld_1,ARIC,phs000280.v4.pht006431.v1.phv00295623.v1
hemoglobin_mcnc_bld_1,CARDIA,phs000285.v3.pht001559.v2.phv00112439.v2
hemoglobin_mcnc_bld_1,CARDIA,phs000285.v3.pht001563.v2.phv00112688.v2
hemoglobin_mcnc_bld_1,CHS,phs000287.v6.pht001452.v1.phv00100412.v1
hemoglobin_mcnc_bld_1,CHS,phs000287.v6.pht001452.v1.phv00100487.v1
hemoglobin_mcnc_bld_1,HCHS_SOL,phs000810.v1.pht004715.v1.phv00226251.v1
hemoglobin_mcnc_bld_1,HCHS_SOL,phs000810.v1.pht004715.v1.phv00226302.v1
hemoglobin_mcnc_bld_1,JHS,phs000286.v5.pht001949.v1.phv00126009.v1
hemoglobin_mcnc_bld_1,JHS,phs000286.v5.pht001959.v1.phv00127615.v1
hemoglobin_mcnc_bld_1,MESA,phs000209.v13.pht003091.v3.phv00176011.v1
hemoglobin_mcnc_bld_1,MESA,phs000209.v13.pht004319.v1.phv00218993.v1
hemoglobin_mcnc_bld_1,WHI,phs000200.v11.pht000986.v6.phv00077362.v6
hemoglobin_mcnc_bld_1,WHI,phs000200.v11.pht000986.v6.phv00077363.v6
hemoglobin_mcnc_bld_1,WHI,phs000200.v11.pht000986.v6.phv00077366.v6
hemoglobin_mcnc_bld_1,WHI,phs000200.v11.pht000998.v6.phv00078436.v6
hemoglobin_mcnc_bld_1,WHI,phs000200.v11.pht000998.v6.phv00078437.v6
mchc_mcnc_rbc_1,ARIC,phs000280.v4.pht004062.v2.phv00204623.v1
mchc_mcnc_rbc_1,ARIC,phs000280.v4.pht004063.v2.phv00204712.v1
mchc_mcnc_rbc_1,ARIC,phs000280.v4.pht004064.v2.phv00204871.v1
mchc_mcnc_rbc_1,ARIC,phs000280.v4.pht004065.v2.phv00204975.v1
mchc_mcnc_rbc_1,ARIC,phs000280.v4.pht004107.v2.phv00207255.v1
mchc_mcnc_rbc_1,ARIC,phs000280.v4.pht004107.v2.phv00207256.v1
mchc_mcnc_rbc_1,ARIC,phs000280.v4.pht004108.v2.phv00207270.v1
mchc_mcnc_rbc_1,ARIC,phs000280.v4.pht004108.v2.phv00207271.v1
mchc_mcnc_rbc_1,ARIC,phs000280.v4.pht004109.v2.phv00207288.v1
mchc_mcnc_rbc_1,ARIC,phs000280.v4.pht004109.v2.phv00207289.v1
mchc_mcnc_rbc_1,ARIC,phs000280.v4.pht004110.v2.phv00207300.v1
mchc_mcnc_rbc_1,ARIC,phs000280.v4.pht004110.v2.phv00207301.v1
mchc_mcnc_rbc_1,ARIC,phs000280.v4.pht006422.v1.phv00294956.v1
mchc_mcnc_rbc_1,ARIC,phs000280.v4.pht006422.v1.phv00294957.v1
mchc_mcnc_rbc_1,ARIC,phs000280.v4.pht006431.v1.phv00295623.v1
mchc_mcnc_rbc_1,CARDIA,phs000285.v3.pht001559.v2.phv00112439.v2
mchc_mcnc_rbc_1,CARDIA,phs000285.v3.pht001563.v2.phv00112688.v2
mchc_mcnc_rbc_1,CARDIA,phs000285.v3.pht001563.v2.phv00112689.v2
mchc_mcnc_rbc_1,CHS,phs000287.v6.pht001452.v1.phv00100412.v1
mchc_mcnc_rbc_1,CHS,phs000287.v6.pht001452.v1.phv00100413.v1
mchc_mcnc_rbc_1,CHS,phs000287.v6.pht001452.v1.phv00100487.v1
mchc_mcnc_rbc_1,HCHS_SOL,phs000810.v1.pht004715.v1.phv00226251.v1
mchc_mcnc_rbc_1,HCHS_SOL,phs000810.v1.pht004715.v1.phv00226306.v1
mchc_mcnc_rbc_1,JHS,phs000286.v5.pht001949.v1.phv00126009.v1
mchc_mcnc_rbc_1,JHS,phs000286.v5.pht001959.v1.phv00127624.v1
mchc_mcnc_rbc_1,MESA,phs000209.v13.pht003091.v3.phv00176011.v1
mchc_mcnc_rbc_1,MESA,phs000209.v13.pht004319.v1.phv00218992.v1
mchc_mcnc_rbc_1,MESA,phs000209.v13.pht004319.v1.phv00218993.v1
mch_entmass_rbc_1,ARIC,phs000280.v4.pht004064.v2.phv00204871.v1
mch_entmass_rbc_1,ARIC,phs000280.v4.pht004065.v2.phv00204975.v1
mch_entmass_rbc_1,ARIC,phs000280.v4.pht004109.v2.phv00207290.v1
mch_entmass_rbc_1,ARIC,phs000280.v4.pht004110.v2.phv00207302.v1
mch_entmass_rbc_1,ARIC,phs000280.v4.pht006422.v1.phv00294960.v1
mch_entmass_rbc_1,ARIC,phs000280.v4.pht006431.v1.phv00295623.v1
mch_entmass_rbc_1,CARDIA,phs000285.v3.pht001559.v2.phv00112439.v2
mch_entmass_rbc_1,CARDIA,phs000285.v3.pht001563.v2.phv00112687.v2
mch_entmass_rbc_1,CARDIA,phs000285.v3.pht001563.v2.phv00112688.v2
mch_entmass_rbc_1,HCHS_SOL,phs000810.v1.pht004715.v1.phv00226251.v1
mch_entmass_rbc_1,HCHS_SOL,phs000810.v1.pht004715.v1.phv00226305.v1
mch_entmass_rbc_1,JHS,phs000286.v5.pht001949.v1.phv00126009.v1
mch_entmass_rbc_1,JHS,phs000286.v5.pht001959.v1.phv00127623.v1
mch_entmass_rbc_1,MESA,phs000209.v13.pht003091.v3.phv00176011.v1
mch_entmass_rbc_1,MESA,phs000209.v13.pht004319.v1.phv00218990.v1
mch_entmass_rbc_1,MESA,phs000209.v13.pht004319.v1.phv00218993.v1
neutrophil_ncnc_bld_1,ARIC,phs000280.v4.pht004062.v2.phv00204623.v1
neutrophil_ncnc_bld_1,ARIC,phs000280.v4.pht004063.v2.phv00204712.v1
neutrophil_ncnc_bld_1,ARIC,phs000280.v4.pht004107.v2.phv00207257.v1
neutrophil_ncnc_bld_1,ARIC,phs000280.v4.pht004107.v2.phv00207259.v1
neutrophil_ncnc_bld_1,ARIC,phs000280.v4.pht004107.v2.phv00207260.v1
neutrophil_ncnc_bld_1,ARIC,phs000280.v4.pht004108.v2.phv00207272.v1
neutrophil_ncnc_bld_1,ARIC,phs000280.v4.pht004108.v2.phv00207274.v1
neutrophil_ncnc_bld_1,ARIC,phs000280.v4.pht004108.v2.phv00207275.v1
neutrophil_ncnc_bld_1,CARDIA,phs000285.v3.pht001559.v2.phv00112439.v2
neutrophil_ncnc_bld_1,CARDIA,phs000285.v3.pht001563.v2.phv00112686.v2
neutrophil_ncnc_bld_1,CARDIA,phs000285.v3.pht001563.v2.phv00112694.v2
neutrophil_ncnc_bld_1,CARDIA,phs000285.v3.pht001563.v2.phv00112695.v2
neutrophil_ncnc_bld_1,CARDIA,phs000285.v3.pht001563.v2.phv00112697.v2
neutrophil_ncnc_bld_1,CARDIA,phs000285.v3.pht001563.v2.phv00112698.v2
neutrophil_ncnc_bld_1,HCHS_SOL,phs000810.v1.pht004715.v1.phv00226251.v1
neutrophil_ncnc_bld_1,HCHS_SOL,phs000810.v1.pht004715.v1.phv00226283.v1
neutrophil_ncnc_bld_1,HCHS_SOL,phs000810.v1.pht004715.v1.phv00226284.v1
neutrophil_ncnc_bld_1,JHS,phs000286.v5.pht001949.v1.phv00126009.v1
neutrophil_ncnc_bld_1,JHS,phs000286.v5.pht001959.v1.phv00127630.v1
neutrophil_ncnc_bld_1,JHS,phs000286.v5.pht001959.v1.phv00127631.v1
neutrophil_ncnc_bld_1,JHS,phs000286.v5.pht001959.v1.phv00127632.v1
neutrophil_ncnc_bld_1,MESA,phs000209.v13.pht003091.v3.phv00176011.v1
neutrophil_ncnc_bld_1,MESA,phs000209.v13.pht004319.v1.phv00218999.v1
lymphocyte_ncnc_bld_1,ARIC,phs000280.v4.pht004062.v2.phv00204623.v1
lymphocyte_ncnc_bld_1,ARIC,phs000280.v4.pht004063.v2.phv00204712.v1
lymphocyte_ncnc_bld_1,ARIC,phs000280.v4.pht004107.v2.phv00207257.v1
lymphocyte_ncnc_bld_1,ARIC,phs000280.v4.pht004107.v2.phv00207261.v1
lymphocyte_ncnc_bld_1,ARIC,phs000280.v4.pht004108.v2.phv00207272.v1
lymphocyte_ncnc_bld_1,ARIC,phs000280.v4.pht004108.v2.phv00207276.v1
lymphocyte_ncnc_bld_1,ARIC,phs000280.v4.pht006422.v1.phv00294954.v1
lymphocyte_ncnc_bld_1,ARIC,phs000280.v4.pht006422.v1.phv00294964.v1
lymphocyte_ncnc_bld_1,ARIC,phs000280.v4.pht006431.v1.phv00295623.v1
lymphocyte_ncnc_bld_1,CARDIA,phs000285.v3.pht001559.v2.phv00112439.v2
lymphocyte_ncnc_bld_1,CARDIA,phs000285.v3.pht001563.v2.phv00112686.v2
lymphocyte_ncnc_bld_1,CARDIA,phs000285.v3.pht001563.v2.phv00112691.v2
lymphocyte_ncnc_bld_1,HCHS_SOL,phs000810.v1.pht004715.v1.phv00226251.v1
lymphocyte_ncnc_bld_1,HCHS_SOL,phs000810.v1.pht004715.v1.phv00226283.v1
lymphocyte_ncnc_bld_1,HCHS_SOL,phs000810.v1.pht004715.v1.phv00226285.v1
lymphocyte_ncnc_bld_1,JHS,phs000286.v5.pht001949.v1.phv00126009.v1
lymphocyte_ncnc_bld_1,JHS,phs000286.v5.pht001959.v1.phv00127622.v1
lymphocyte_ncnc_bld_1,JHS,phs000286.v5.pht001959.v1.phv00127631.v1
lymphocyte_ncnc_bld_1,MESA,phs000209.v13.pht003091.v3.phv00176011.v1
lymphocyte_ncnc_bld_1,MESA,phs000209.v13.pht004319.v1.phv00218998.v1
rdw_ratio_rbc_1,ARIC,phs000280.v4.pht004064.v2.phv00204871.v1
rdw_ratio_rbc_1,ARIC,phs000280.v4.pht004065.v2.phv00204975.v1
rdw_ratio_rbc_1,ARIC,phs000280.v4.pht004109.v2.phv00207292.v1
rdw_ratio_rbc_1,ARIC,phs000280.v4.pht004110.v2.phv00207304.v1
rdw_ratio_rbc_1,ARIC,phs000280.v4.pht006422.v1.phv00294962.v1
rdw_ratio_rbc_1,ARIC,phs000280.v4.pht006431.v1.phv00295623.v1
rdw_ratio_rbc_1,HCHS_SOL,phs000810.v1.pht004715.v1.phv00226251.v1
rdw_ratio_rbc_1,HCHS_SOL,phs000810.v1.pht004715.v1.phv00226308.v1
rdw_ratio_rbc_1,JHS,phs000286.v5.pht001949.v1.phv00126009.v1
rdw_ratio_rbc_1,JHS,phs000286.v5.pht001959.v1.phv00127628.v1
pmv_entvol_bld_1,ARIC,phs000280.v4.pht006422.v1.phv00294963.v1
pmv_entvol_bld_1,ARIC,phs000280.v4.pht006431.v1.phv00295623.v1
pmv_entvol_bld_1,JHS,phs000286.v5.pht001949.v1.phv00126009.v1
pmv_entvol_bld_1,JHS,phs000286.v5.pht001959.v1.phv00127627.v1
lppla2_act_1,CHS,phs000287.v6.pht001449.v1.phv00098770.v1
lppla2_act_1,CHS,phs000287.v6.pht001452.v1.phv00100487.v1
lppla2_act_1,FHS,phs000007.v29.pht000164.v6.phv00023808.v5
lppla2_act_1,FHS,phs000007.v29.pht000304.v5.phv00036408.v4
lppla2_act_1,FHS,phs000007.v29.pht002892.v4.phv00172229.v4
lppla2_act_1,FHS,phs000007.v29.pht003099.v4.phv00177928.v4
lppla2_act_1,FHS,phs000007.v29.pht003099.v4.phv00177930.v4
lppla2_act_1,FHS,phs000007.v29.pht003099.v4.phv00177934.v4
lppla2_act_1,FHS,phs000007.v29.pht003099.v4.phv00177942.v4
lppla2_act_1,MESA,phs000209.v13.pht001116.v10.phv00084442.v3
lppla2_act_1,MESA,phs000209.v13.pht002512.v1.phv00165052.v1
mmp9_1,MESA,phs000209.v13.pht001116.v10.phv00084442.v3
mmp9_1,MESA,phs000209.v13.pht001116.v10.phv00085027.v2
isoprostane_8_epi_pgf2a_1,FHS,phs000007.v29.pht000162.v6.phv00023800.v5
isoprostane_8_epi_pgf2a_1,FHS,phs000007.v29.pht002852.v2.phv00171864.v2
isoprostane_8_epi_pgf2a_1,FHS,phs000007.v29.pht002853.v4.phv00171873.v4
isoprostane_8_epi_pgf2a_1,FHS,phs000007.v29.pht003099.v4.phv00177928.v4
isoprostane_8_epi_pgf2a_1,FHS,phs000007.v29.pht003099.v4.phv00177930.v4
isoprostane_8_epi_pgf2a_1,FHS,phs000007.v29.pht003099.v4.phv00177934.v4
isoprostane_8_epi_pgf2a_1,FHS,phs000007.v29.pht003099.v4.phv00177942.v4
lppla2_mass_1,CHS,phs000287.v6.pht001449.v1.phv00098769.v1
lppla2_mass_1,CHS,phs000287.v6.pht001452.v1.phv00100487.v1
lppla2_mass_1,FHS,phs000007.v29.pht000095.v6.phv00021963.v5
lppla2_mass_1,FHS,phs000007.v29.pht000305.v5.phv00036411.v4
lppla2_mass_1,FHS,phs000007.v29.pht002892.v4.phv00172227.v4
lppla2_mass_1,FHS,phs000007.v29.pht003099.v4.phv00177928.v4
lppla2_mass_1,FHS,phs000007.v29.pht003099.v4.phv00177930.v4
lppla2_mass_1,FHS,phs000007.v29.pht003099.v4.phv00177934.v4
lppla2_mass_1,FHS,phs000007.v29.pht003099.v4.phv00177942.v4
lppla2_mass_1,MESA,phs000209.v13.pht001116.v10.phv00084442.v3
lppla2_mass_1,MESA,phs000209.v13.pht002512.v1.phv00165050.v1
il6_1,CARDIA,phs000285.v3.pht001851.v2.phv00120748.v2
il6_1,CARDIA,phs000285.v3.pht001862.v2.phv00121064.v2
il6_1,CARDIA,phs000285.v3.pht001862.v2.phv00121065.v2
il6_1,CHS,phs000287.v6.pht001452.v1.phv00100487.v1
il6_1,CHS,phs000287.v6.pht001452.v1.phv00100500.v1
il6_1,MESA,phs000209.v13.pht001116.v10.phv00084442.v3
il6_1,MESA,phs000209.v13.pht001116.v10.phv00085009.v2
il6_1,MESA,phs000209.v13.pht001116.v10.phv00085010.v2
tnfa_r1_1,MESA,phs000209.v13.pht001116.v10.phv00084442.v3
tnfa_r1_1,MESA,phs000209.v13.pht001116.v10.phv00085029.v3
mpo_1,FHS,phs000007.v29.pht000167.v6.phv00023854.v5
mpo_1,FHS,phs000007.v29.pht003099.v4.phv00177942.v4
tnfr2_1,FHS,phs000007.v29.pht000175.v6.phv00023913.v5
tnfr2_1,FHS,phs000007.v29.pht002898.v2.phv00172383.v2
tnfr2_1,FHS,phs000007.v29.pht002899.v4.phv00172391.v4
tnfr2_1,FHS,phs000007.v29.pht003099.v4.phv00177928.v4
tnfr2_1,FHS,phs000007.v29.pht003099.v4.phv00177930.v4
tnfr2_1,FHS,phs000007.v29.pht003099.v4.phv00177934.v4
tnfr2_1,FHS,phs000007.v29.pht003099.v4.phv00177942.v4
eselectin_1,MESA,phs000209.v13.pht001111.v4.phv00082639.v2
eselectin_1,MESA,phs000209.v13.pht001111.v4.phv00082969.v1
eselectin_1,MESA,phs000209.v13.pht001111.v4.phv00082970.v1
eselectin_1,MESA,phs000209.v13.pht001116.v10.phv00084442.v3
eselectin_1,MESA,phs000209.v13.pht001116.v10.phv00085022.v2
tnfa_1,FHS,phs000007.v29.pht000111.v5.phv00022779.v4
tnfa_1,FHS,phs000007.v29.pht003099.v4.phv00177942.v4
tnfa_1,MESA,phs000209.v13.pht001118.v8.phv00085773.v3
tnfa_1,MESA,phs000209.v13.pht001119.v8.phv00086259.v4
tnfa_1,MESA,phs000209.v13.pht002198.v2.phv00160529.v1
tnfa_1,MESA,phs000209.v13.pht002198.v2.phv00160540.v1
tnfa_1,MESA,phs000209.v13.pht002198.v2.phv00160541.v1
il18_1,FHS,phs000007.v29.pht000671.v5.phv00066686.v4
il18_1,FHS,phs000007.v29.pht003099.v4.phv00177942.v4
il10_1,MESA,phs000209.v13.pht001116.v10.phv00084442.v3
il10_1,MESA,phs000209.v13.pht002099.v2.phv00142666.v2
il10_1,MESA,phs000209.v13.pht002099.v2.phv00142667.v2
icam1_1,CARDIA,phs000285.v3.pht001697.v2.phv00116390.v2
icam1_1,CARDIA,phs000285.v3.pht001699.v2.phv00116396.v2
icam1_1,CHS,phs000287.v6.pht001449.v1.phv00098764.v1
icam1_1,CHS,phs000287.v6.pht001452.v1.phv00100487.v1
crp_1,ARIC,phs000280.v4.pht006431.v1.phv00295623.v1
crp_1,ARIC,phs000280.v4.pht006444.v1.phv00296696.v1
crp_1,CARDIA,phs000285.v3.pht001851.v2.phv00120748.v2
crp_1,CARDIA,phs000285.v3.pht001853.v2.phv00120759.v2
crp_1,CHS,phs000287.v6.pht001452.v1.phv00100487.v1
crp_1,CHS,phs000287.v6.pht001452.v1.phv00100499.v1
crp_1,HCHS_SOL,phs000810.v1.pht004715.v1.phv00226251.v1
crp_1,HCHS_SOL,phs000810.v1.pht004715.v1.phv00258066.v1
crp_1,JHS,phs000286.v5.pht001945.v1.phv00125940.v1
crp_1,JHS,phs000286.v5.pht001945.v1.phv00125941.v1
crp_1,JHS,phs000286.v5.pht001949.v1.phv00126009.v1
cd40_1,FHS,phs000007.v29.pht000079.v6.phv00021687.v5
cd40_1,FHS,phs000007.v29.pht003099.v4.phv00177942.v4
cd40_1,MESA,phs000209.v13.pht001116.v10.phv00084442.v3
cd40_1,MESA,phs000209.v13.pht001116.v10.phv00085021.v2
antihypertensive_meds_1,ARIC,phs000280.v4.pht004063.v2.phv00204712.v1
antihypertensive_meds_1,ARIC,phs000280.v4.pht004063.v2.phv00204754.v1
antihypertensive_meds_1,CARDIA,phs000285.v3.pht001569.v2.phv00113012.v2
antihypertensive_meds_1,CARDIA,phs000285.v3.pht001571.v2.phv00113154.v2
antihypertensive_meds_1,CARDIA,phs000285.v3.pht001571.v2.phv00113155.v2
antihypertensive_meds_1,CARDIA,phs000285.v3.pht001645.v2.phv00115119.v2
antihypertensive_meds_1,CHS,phs000287.v6.pht001452.v1.phv00100487.v1
antihypertensive_meds_1,CHS,phs000287.v6.pht001452.v1.phv00100595.v1
antihypertensive_meds_1,HCHS_SOL,phs000810.v1.pht004715.v1.phv00226251.v1
antihypertensive_meds_1,HCHS_SOL,phs000810.v1.pht004715.v1.phv00226324.v1
antihypertensive_meds_1,JHS,phs000286.v5.pht001949.v1.phv00126009.v1
antihypertensive_meds_1,JHS,phs000286.v5.pht001949.v1.phv00126038.v1
antihypertensive_meds_1,MESA,phs000209.v13.pht001111.v4.phv00082639.v2
antihypertensive_meds_1,MESA,phs000209.v13.pht001111.v4.phv00083163.v1
antihypertensive_meds_1,MESA,phs000209.v13.pht001116.v10.phv00084442.v3
antihypertensive_meds_1,MESA,phs000209.v13.pht001116.v10.phv00085324.v2
antihypertensive_meds_1,MESA,phs000209.v13.pht001121.v3.phv00087071.v1
antihypertensive_meds_1,MESA,phs000209.v13.pht001121.v3.phv00087093.v1
antihypertensive_meds_1,WHI,phs000200.v11.pht000998.v6.phv00078436.v6
antihypertensive_meds_1,WHI,phs000200.v11.pht000998.v6.phv00078437.v6
antihypertensive_meds_1,WHI,phs000200.v11.pht001019.v6.phv00079850.v6
antihypertensive_meds_1,WHI,phs000200.v11.pht001019.v6.phv00079852.v6
antihypertensive_meds_1,WHI,phs000200.v11.pht002754.v4.phv00169603.v4
antihypertensive_meds_1,WHI,phs000200.v11.pht002754.v4.phv00169605.v4
antihypertensive_meds_1,WHI,phs000200.v11.pht002754.v4.phv00169608.v4
antihypertensive_meds_1,WHI,phs000200.v11.pht002754.v4.phv00169611.v4
bp_diastolic_1,ARIC,phs000280.v4.pht004063.v2.phv00204712.v1
bp_diastolic_1,ARIC,phs000280.v4.pht004192.v2.phv00210284.v1
bp_diastolic_1,ARIC,phs000280.v4.pht004192.v2.phv00210285.v1
bp_diastolic_1,ARIC,phs000280.v4.pht004192.v2.phv00210286.v1
bp_diastolic_1,ARIC,phs000280.v4.pht004192.v2.phv00210287.v1
bp_diastolic_1,ARIC,phs000280.v4.pht004192.v2.phv00210288.v1
bp_diastolic_1,ARIC,phs000280.v4.pht004192.v2.phv00210289.v1
bp_diastolic_1,CARDIA,phs000285.v3.pht001560.v2.phv00112481.v2
bp_diastolic_1,CARDIA,phs000285.v3.pht001560.v2.phv00112482.v2
bp_diastolic_1,CARDIA,phs000285.v3.pht001560.v2.phv00112483.v2
bp_diastolic_1,CARDIA,phs000285.v3.pht001560.v2.phv00112484.v2
bp_diastolic_1,CARDIA,phs000285.v3.pht001560.v2.phv00112487.v2
bp_diastolic_1,CARDIA,phs000285.v3.pht001560.v2.phv00112488.v2
bp_diastolic_1,CARDIA,phs000285.v3.pht001560.v2.phv00112489.v2
bp_diastolic_1,CARDIA,phs000285.v3.pht001560.v2.phv00112490.v2
bp_diastolic_1,CARDIA,phs000285.v3.pht001645.v2.phv00115119.v2
bp_diastolic_1,CHS,phs000287.v6.pht001452.v1.phv00100435.v1
bp_diastolic_1,CHS,phs000287.v6.pht001452.v1.phv00100436.v1
bp_diastolic_1,CHS,phs000287.v6.pht001452.v1.phv00100487.v1
bp_diastolic_1,COPDGene,phs000179.v5.pht002239.v4.phv00159583.v4
bp_diastolic_1,COPDGene,phs000179.v5.pht002239.v4.phv00159590.v4
bp_diastolic_1,COPDGene,phs000179.v5.pht002239.v4.phv00159836.v4
bp_diastolic_1,HCHS_SOL,phs000810.v1.pht004715.v1.phv00226251.v1
bp_diastolic_1,HCHS_SOL,phs000810.v1.pht004715.v1.phv00226390.v1
bp_diastolic_1,HCHS_SOL,phs000810.v1.pht004715.v1.phv00226391.v1
bp_diastolic_1,JHS,phs000286.v5.pht001949.v1.phv00126009.v1
bp_diastolic_1,JHS,phs000286.v5.pht001974.v1.phv00128370.v1
bp_diastolic_1,JHS,phs000286.v5.pht001974.v1.phv00128371.v1
bp_diastolic_1,JHS,phs000286.v5.pht001974.v1.phv00128372.v1
bp_diastolic_1,JHS,phs000286.v5.pht001974.v1.phv00128373.v1
bp_diastolic_1,JHS,phs000286.v5.pht001974.v1.phv00128374.v1
bp_diastolic_1,JHS,phs000286.v5.pht001974.v1.phv00128375.v1
bp_diastolic_1,MESA,phs000209.v13.pht001111.v4.phv00082639.v2
bp_diastolic_1,MESA,phs000209.v13.pht001111.v4.phv00083403.v1
bp_diastolic_1,MESA,phs000209.v13.pht001111.v4.phv00083404.v1
bp_diastolic_1,MESA,phs000209.v13.pht001111.v4.phv00083406.v1
bp_diastolic_1,MESA,phs000209.v13.pht001111.v4.phv00083407.v1
bp_diastolic_1,MESA,phs000209.v13.pht001116.v10.phv00084442.v3
bp_diastolic_1,MESA,phs000209.v13.pht001116.v10.phv00085735.v2
bp_diastolic_1,MESA,phs000209.v13.pht001116.v10.phv00085736.v2
bp_diastolic_1,MESA,phs000209.v13.pht001116.v10.phv00085737.v2
bp_diastolic_1,MESA,phs000209.v13.pht001116.v10.phv00085738.v2
bp_diastolic_1,MESA,phs000209.v13.pht001121.v3.phv00087071.v1
bp_diastolic_1,MESA,phs000209.v13.pht001121.v3.phv00087509.v1
bp_diastolic_1,MESA,phs000209.v13.pht001121.v3.phv00087510.v1
bp_diastolic_1,MESA,phs000209.v13.pht001121.v3.phv00087512.v1
bp_diastolic_1,MESA,phs000209.v13.pht001121.v3.phv00087513.v1
bp_diastolic_1,WHI,phs000200.v11.pht000998.v6.phv00078436.v6
bp_diastolic_1,WHI,phs000200.v11.pht000998.v6.phv00078437.v6
bp_diastolic_1,WHI,phs000200.v11.pht001019.v6.phv00079850.v6
bp_diastolic_1,WHI,phs000200.v11.pht001019.v6.phv00079852.v6
bp_diastolic_1,WHI,phs000200.v11.pht001019.v6.phv00079854.v6
bp_diastolic_1,WHI,phs000200.v11.pht001019.v6.phv00079855.v6
bp_diastolic_1,WHI,phs000200.v11.pht001019.v6.phv00079856.v6
bp_diastolic_1,WHI,phs000200.v11.pht001019.v6.phv00079857.v6
bp_systolic_1,ARIC,phs000280.v4.pht004063.v2.phv00204712.v1
bp_systolic_1,ARIC,phs000280.v4.pht004192.v2.phv00210284.v1
bp_systolic_1,ARIC,phs000280.v4.pht004192.v2.phv00210285.v1
bp_systolic_1,ARIC,phs000280.v4.pht004192.v2.phv00210286.v1
bp_systolic_1,ARIC,phs000280.v4.pht004192.v2.phv00210287.v1
bp_systolic_1,ARIC,phs000280.v4.pht004192.v2.phv00210288.v1
bp_systolic_1,ARIC,phs000280.v4.pht004192.v2.phv00210289.v1
bp_systolic_1,CARDIA,phs000285.v3.pht001560.v2.phv00112481.v2
bp_systolic_1,CARDIA,phs000285.v3.pht001560.v2.phv00112482.v2
bp_systolic_1,CARDIA,phs000285.v3.pht001560.v2.phv00112483.v2
bp_systolic_1,CARDIA,phs000285.v3.pht001560.v2.phv00112484.v2
bp_systolic_1,CARDIA,phs000285.v3.pht001560.v2.phv00112487.v2
bp_systolic_1,CARDIA,phs000285.v3.pht001560.v2.phv00112488.v2
bp_systolic_1,CARDIA,phs000285.v3.pht001560.v2.phv00112489.v2
bp_systolic_1,CARDIA,phs000285.v3.pht001560.v2.phv00112490.v2
bp_systolic_1,CARDIA,phs000285.v3.pht001645.v2.phv00115119.v2
bp_systolic_1,CHS,phs000287.v6.pht001452.v1.phv00100435.v1
bp_systolic_1,CHS,phs000287.v6.pht001452.v1.phv00100436.v1
bp_systolic_1,CHS,phs000287.v6.pht001452.v1.phv00100487.v1
bp_systolic_1,COPDGene,phs000179.v5.pht002239.v4.phv00159583.v4
bp_systolic_1,COPDGene,phs000179.v5.pht002239.v4.phv00159590.v4
bp_systolic_1,COPDGene,phs000179.v5.pht002239.v4.phv00159836.v4
bp_systolic_1,HCHS_SOL,phs000810.v1.pht004715.v1.phv00226251.v1
bp_systolic_1,HCHS_SOL,phs000810.v1.pht004715.v1.phv00226390.v1
bp_systolic_1,HCHS_SOL,phs000810.v1.pht004715.v1.phv00226391.v1
bp_systolic_1,JHS,phs000286.v5.pht001949.v1.phv00126009.v1
bp_systolic_1,JHS,phs000286.v5.pht001974.v1.phv00128370.v1
bp_systolic_1,JHS,phs000286.v5.pht001974.v1.phv00128371.v1
bp_systolic_1,JHS,phs000286.v5.pht001974.v1.phv00128372.v1
bp_systolic_1,JHS,phs000286.v5.pht001974.v1.phv00128373.v1
bp_systolic_1,JHS,phs000286.v5.pht001974.v1.phv00128374.v1
bp_systolic_1,JHS,phs000286.v5.pht001974.v1.phv00128375.v1
bp_systolic_1,MESA,phs000209.v13.pht001111.v4.phv00082639.v2
bp_systolic_1,MESA,phs000209.v13.pht001111.v4.phv00083403.v1
bp_systolic_1,MESA,phs000209.v13.pht001111.v4.phv00083404.v1
bp_systolic_1,MESA,phs000209.v13.pht001111.v4.phv00083406.v1
bp_systolic_1,MESA,phs000209.v13.pht001111.v4.phv00083407.v1
bp_systolic_1,MESA,phs000209.v13.pht001116.v10.phv00084442.v3
bp_systolic_1,MESA,phs000209.v13.pht001116.v10.phv00085735.v2
bp_systolic_1,MESA,phs000209.v13.pht001116.v10.phv00085736.v2
bp_systolic_1,MESA,phs000209.v13.pht001116.v10.phv00085737.v2
bp_systolic_1,MESA,phs000209.v13.pht001116.v10.phv00085738.v2
bp_systolic_1,MESA,phs000209.v13.pht001121.v3.phv00087071.v1
bp_systolic_1,MESA,phs000209.v13.pht001121.v3.phv00087509.v1
bp_systolic_1,MESA,phs000209.v13.pht001121.v3.phv00087510.v1
bp_systolic_1,MESA,phs000209.v13.pht001121.v3.phv00087512.v1
bp_systolic_1,MESA,phs000209.v13.pht001121.v3.phv00087513.v1
bp_systolic_1,WHI,phs000200.v11.pht000998.v6.phv00078436.v6
bp_systolic_1,WHI,phs000200.v11.pht000998.v6.phv00078437.v6
bp_systolic_1,WHI,phs000200.v11.pht001019.v6.phv00079850.v6
bp_systolic_1,WHI,phs000200.v11.pht001019.v6.phv00079852.v6
bp_systolic_1,WHI,phs000200.v11.pht001019.v6.phv00079854.v6
bp_systolic_1,WHI,phs000200.v11.pht001019.v6.phv00079855.v6
bp_systolic_1,WHI,phs000200.v11.pht001019.v6.phv00079856.v6
bp_systolic_1,WHI,phs000200.v11.pht001019.v6.phv00079857.v6
